Archivo,Elemento,Ecut,KPoints,Pseudopotencial
Mg_ecut10_k111_Mg.pbesol-spnl-kjpaw_psl.1.0.0.in,Mg,10,1 1 1,Mg.pbesol-spnl-kjpaw_psl.1.0.0
Mg_ecut10_k111_Mg.pbesol-spnl-rrkjus_psl.1.0.0.in,Mg,10,1 1 1,Mg.pbesol-spnl-rrkjus_psl.1.0.0
Mg_ecut10_k111_Mg.pbe-spnl-kjpaw_psl.1.0.0.in,Mg,10,1 1 1,Mg.pbe-spnl-kjpaw_psl.1.0.0
Mg_ecut10_k111_Mg.pbe-spnl-rrkjus_psl.1.0.0.in,Mg,10,1 1 1,Mg.pbe-spnl-rrkjus_psl.1.0.0
Mg_ecut10_k222_Mg.pbesol-spnl-kjpaw_psl.1.0.0.in,Mg,10,2 2 2,Mg.pbesol-spnl-kjpaw_psl.1.0.0
Mg_ecut10_k222_Mg.pbesol-spnl-rrkjus_psl.1.0.0.in,Mg,10,2 2 2,Mg.pbesol-spnl-rrkjus_psl.1.0.0
Mg_ecut10_k222_Mg.pbe-spnl-kjpaw_psl.1.0.0.in,Mg,10,2 2 2,Mg.pbe-spnl-kjpaw_psl.1.0.0
Mg_ecut10_k222_Mg.pbe-spnl-rrkjus_psl.1.0.0.in,Mg,10,2 2 2,Mg.pbe-spnl-rrkjus_psl.1.0.0
Mg_ecut10_k333_Mg.pbesol-spnl-kjpaw_psl.1.0.0.in,Mg,10,3 3 3,Mg.pbesol-spnl-kjpaw_psl.1.0.0
Mg_ecut10_k333_Mg.pbesol-spnl-rrkjus_psl.1.0.0.in,Mg,10,3 3 3,Mg.pbesol-spnl-rrkjus_psl.1.0.0
Mg_ecut10_k333_Mg.pbe-spnl-kjpaw_psl.1.0.0.in,Mg,10,3 3 3,Mg.pbe-spnl-kjpaw_psl.1.0.0
Mg_ecut10_k333_Mg.pbe-spnl-rrkjus_psl.1.0.0.in,Mg,10,3 3 3,Mg.pbe-spnl-rrkjus_psl.1.0.0
Mg_ecut10_k444_Mg.pbesol-spnl-kjpaw_psl.1.0.0.in,Mg,10,4 4 4,Mg.pbesol-spnl-kjpaw_psl.1.0.0
Mg_ecut10_k444_Mg.pbesol-spnl-rrkjus_psl.1.0.0.in,Mg,10,4 4 4,Mg.pbesol-spnl-rrkjus_psl.1.0.0
Mg_ecut10_k444_Mg.pbe-spnl-kjpaw_psl.1.0.0.in,Mg,10,4 4 4,Mg.pbe-spnl-kjpaw_psl.1.0.0
Mg_ecut10_k444_Mg.pbe-spnl-rrkjus_psl.1.0.0.in,Mg,10,4 4 4,Mg.pbe-spnl-rrkjus_psl.1.0.0
Mg_ecut10_k555_Mg.pbesol-spnl-kjpaw_psl.1.0.0.in,Mg,10,5 5 5,Mg.pbesol-spnl-kjpaw_psl.1.0.0
Mg_ecut10_k555_Mg.pbesol-spnl-rrkjus_psl.1.0.0.in,Mg,10,5 5 5,Mg.pbesol-spnl-rrkjus_psl.1.0.0
Mg_ecut10_k555_Mg.pbe-spnl-kjpaw_psl.1.0.0.in,Mg,10,5 5 5,Mg.pbe-spnl-kjpaw_psl.1.0.0
Mg_ecut10_k555_Mg.pbe-spnl-rrkjus_psl.1.0.0.in,Mg,10,5 5 5,Mg.pbe-spnl-rrkjus_psl.1.0.0
Mg_ecut10_k666_Mg.pbesol-spnl-kjpaw_psl.1.0.0.in,Mg,10,6 6 6,Mg.pbesol-spnl-kjpaw_psl.1.0.0
Mg_ecut10_k666_Mg.pbesol-spnl-rrkjus_psl.1.0.0.in,Mg,10,6 6 6,Mg.pbesol-spnl-rrkjus_psl.1.0.0
Mg_ecut10_k666_Mg.pbe-spnl-kjpaw_psl.1.0.0.in,Mg,10,6 6 6,Mg.pbe-spnl-kjpaw_psl.1.0.0
Mg_ecut10_k666_Mg.pbe-spnl-rrkjus_psl.1.0.0.in,Mg,10,6 6 6,Mg.pbe-spnl-rrkjus_psl.1.0.0
Mg_ecut10_k777_Mg.pbesol-spnl-kjpaw_psl.1.0.0.in,Mg,10,7 7 7,Mg.pbesol-spnl-kjpaw_psl.1.0.0
Mg_ecut10_k777_Mg.pbesol-spnl-rrkjus_psl.1.0.0.in,Mg,10,7 7 7,Mg.pbesol-spnl-rrkjus_psl.1.0.0
Mg_ecut10_k777_Mg.pbe-spnl-kjpaw_psl.1.0.0.in,Mg,10,7 7 7,Mg.pbe-spnl-kjpaw_psl.1.0.0
Mg_ecut10_k777_Mg.pbe-spnl-rrkjus_psl.1.0.0.in,Mg,10,7 7 7,Mg.pbe-spnl-rrkjus_psl.1.0.0
Mg_ecut10_k888_Mg.pbesol-spnl-kjpaw_psl.1.0.0.in,Mg,10,8 8 8,Mg.pbesol-spnl-kjpaw_psl.1.0.0
Mg_ecut10_k888_Mg.pbesol-spnl-rrkjus_psl.1.0.0.in,Mg,10,8 8 8,Mg.pbesol-spnl-rrkjus_psl.1.0.0
Mg_ecut10_k888_Mg.pbe-spnl-kjpaw_psl.1.0.0.in,Mg,10,8 8 8,Mg.pbe-spnl-kjpaw_psl.1.0.0
Mg_ecut10_k888_Mg.pbe-spnl-rrkjus_psl.1.0.0.in,Mg,10,8 8 8,Mg.pbe-spnl-rrkjus_psl.1.0.0
Mg_ecut10_k999_Mg.pbesol-spnl-kjpaw_psl.1.0.0.in,Mg,10,9 9 9,Mg.pbesol-spnl-kjpaw_psl.1.0.0
Mg_ecut10_k999_Mg.pbesol-spnl-rrkjus_psl.1.0.0.in,Mg,10,9 9 9,Mg.pbesol-spnl-rrkjus_psl.1.0.0
Mg_ecut10_k999_Mg.pbe-spnl-kjpaw_psl.1.0.0.in,Mg,10,9 9 9,Mg.pbe-spnl-kjpaw_psl.1.0.0
Mg_ecut10_k999_Mg.pbe-spnl-rrkjus_psl.1.0.0.in,Mg,10,9 9 9,Mg.pbe-spnl-rrkjus_psl.1.0.0
Mg_ecut10_k101010_Mg.pbesol-spnl-kjpaw_psl.1.0.0.in,Mg,10,10 10 10,Mg.pbesol-spnl-kjpaw_psl.1.0.0
Mg_ecut10_k101010_Mg.pbesol-spnl-rrkjus_psl.1.0.0.in,Mg,10,10 10 10,Mg.pbesol-spnl-rrkjus_psl.1.0.0
Mg_ecut10_k101010_Mg.pbe-spnl-kjpaw_psl.1.0.0.in,Mg,10,10 10 10,Mg.pbe-spnl-kjpaw_psl.1.0.0
Mg_ecut10_k101010_Mg.pbe-spnl-rrkjus_psl.1.0.0.in,Mg,10,10 10 10,Mg.pbe-spnl-rrkjus_psl.1.0.0
Mg_ecut10_k111111_Mg.pbesol-spnl-kjpaw_psl.1.0.0.in,Mg,10,11 11 11,Mg.pbesol-spnl-kjpaw_psl.1.0.0
Mg_ecut10_k111111_Mg.pbesol-spnl-rrkjus_psl.1.0.0.in,Mg,10,11 11 11,Mg.pbesol-spnl-rrkjus_psl.1.0.0
Mg_ecut10_k111111_Mg.pbe-spnl-kjpaw_psl.1.0.0.in,Mg,10,11 11 11,Mg.pbe-spnl-kjpaw_psl.1.0.0
Mg_ecut10_k111111_Mg.pbe-spnl-rrkjus_psl.1.0.0.in,Mg,10,11 11 11,Mg.pbe-spnl-rrkjus_psl.1.0.0
Mg_ecut15_k111_Mg.pbesol-spnl-kjpaw_psl.1.0.0.in,Mg,15,1 1 1,Mg.pbesol-spnl-kjpaw_psl.1.0.0
Mg_ecut15_k111_Mg.pbesol-spnl-rrkjus_psl.1.0.0.in,Mg,15,1 1 1,Mg.pbesol-spnl-rrkjus_psl.1.0.0
Mg_ecut15_k111_Mg.pbe-spnl-kjpaw_psl.1.0.0.in,Mg,15,1 1 1,Mg.pbe-spnl-kjpaw_psl.1.0.0
Mg_ecut15_k111_Mg.pbe-spnl-rrkjus_psl.1.0.0.in,Mg,15,1 1 1,Mg.pbe-spnl-rrkjus_psl.1.0.0
Mg_ecut15_k222_Mg.pbesol-spnl-kjpaw_psl.1.0.0.in,Mg,15,2 2 2,Mg.pbesol-spnl-kjpaw_psl.1.0.0
Mg_ecut15_k222_Mg.pbesol-spnl-rrkjus_psl.1.0.0.in,Mg,15,2 2 2,Mg.pbesol-spnl-rrkjus_psl.1.0.0
Mg_ecut15_k222_Mg.pbe-spnl-kjpaw_psl.1.0.0.in,Mg,15,2 2 2,Mg.pbe-spnl-kjpaw_psl.1.0.0
Mg_ecut15_k222_Mg.pbe-spnl-rrkjus_psl.1.0.0.in,Mg,15,2 2 2,Mg.pbe-spnl-rrkjus_psl.1.0.0
Mg_ecut15_k333_Mg.pbesol-spnl-kjpaw_psl.1.0.0.in,Mg,15,3 3 3,Mg.pbesol-spnl-kjpaw_psl.1.0.0
Mg_ecut15_k333_Mg.pbesol-spnl-rrkjus_psl.1.0.0.in,Mg,15,3 3 3,Mg.pbesol-spnl-rrkjus_psl.1.0.0
Mg_ecut15_k333_Mg.pbe-spnl-kjpaw_psl.1.0.0.in,Mg,15,3 3 3,Mg.pbe-spnl-kjpaw_psl.1.0.0
Mg_ecut15_k333_Mg.pbe-spnl-rrkjus_psl.1.0.0.in,Mg,15,3 3 3,Mg.pbe-spnl-rrkjus_psl.1.0.0
Mg_ecut15_k444_Mg.pbesol-spnl-kjpaw_psl.1.0.0.in,Mg,15,4 4 4,Mg.pbesol-spnl-kjpaw_psl.1.0.0
Mg_ecut15_k444_Mg.pbesol-spnl-rrkjus_psl.1.0.0.in,Mg,15,4 4 4,Mg.pbesol-spnl-rrkjus_psl.1.0.0
Mg_ecut15_k444_Mg.pbe-spnl-kjpaw_psl.1.0.0.in,Mg,15,4 4 4,Mg.pbe-spnl-kjpaw_psl.1.0.0
Mg_ecut15_k444_Mg.pbe-spnl-rrkjus_psl.1.0.0.in,Mg,15,4 4 4,Mg.pbe-spnl-rrkjus_psl.1.0.0
Mg_ecut15_k555_Mg.pbesol-spnl-kjpaw_psl.1.0.0.in,Mg,15,5 5 5,Mg.pbesol-spnl-kjpaw_psl.1.0.0
Mg_ecut15_k555_Mg.pbesol-spnl-rrkjus_psl.1.0.0.in,Mg,15,5 5 5,Mg.pbesol-spnl-rrkjus_psl.1.0.0
Mg_ecut15_k555_Mg.pbe-spnl-kjpaw_psl.1.0.0.in,Mg,15,5 5 5,Mg.pbe-spnl-kjpaw_psl.1.0.0
Mg_ecut15_k555_Mg.pbe-spnl-rrkjus_psl.1.0.0.in,Mg,15,5 5 5,Mg.pbe-spnl-rrkjus_psl.1.0.0
Mg_ecut15_k666_Mg.pbesol-spnl-kjpaw_psl.1.0.0.in,Mg,15,6 6 6,Mg.pbesol-spnl-kjpaw_psl.1.0.0
Mg_ecut15_k666_Mg.pbesol-spnl-rrkjus_psl.1.0.0.in,Mg,15,6 6 6,Mg.pbesol-spnl-rrkjus_psl.1.0.0
Mg_ecut15_k666_Mg.pbe-spnl-kjpaw_psl.1.0.0.in,Mg,15,6 6 6,Mg.pbe-spnl-kjpaw_psl.1.0.0
Mg_ecut15_k666_Mg.pbe-spnl-rrkjus_psl.1.0.0.in,Mg,15,6 6 6,Mg.pbe-spnl-rrkjus_psl.1.0.0
Mg_ecut15_k777_Mg.pbesol-spnl-kjpaw_psl.1.0.0.in,Mg,15,7 7 7,Mg.pbesol-spnl-kjpaw_psl.1.0.0
Mg_ecut15_k777_Mg.pbesol-spnl-rrkjus_psl.1.0.0.in,Mg,15,7 7 7,Mg.pbesol-spnl-rrkjus_psl.1.0.0
Mg_ecut15_k777_Mg.pbe-spnl-kjpaw_psl.1.0.0.in,Mg,15,7 7 7,Mg.pbe-spnl-kjpaw_psl.1.0.0
Mg_ecut15_k777_Mg.pbe-spnl-rrkjus_psl.1.0.0.in,Mg,15,7 7 7,Mg.pbe-spnl-rrkjus_psl.1.0.0
Mg_ecut15_k888_Mg.pbesol-spnl-kjpaw_psl.1.0.0.in,Mg,15,8 8 8,Mg.pbesol-spnl-kjpaw_psl.1.0.0
Mg_ecut15_k888_Mg.pbesol-spnl-rrkjus_psl.1.0.0.in,Mg,15,8 8 8,Mg.pbesol-spnl-rrkjus_psl.1.0.0
Mg_ecut15_k888_Mg.pbe-spnl-kjpaw_psl.1.0.0.in,Mg,15,8 8 8,Mg.pbe-spnl-kjpaw_psl.1.0.0
Mg_ecut15_k888_Mg.pbe-spnl-rrkjus_psl.1.0.0.in,Mg,15,8 8 8,Mg.pbe-spnl-rrkjus_psl.1.0.0
Mg_ecut15_k999_Mg.pbesol-spnl-kjpaw_psl.1.0.0.in,Mg,15,9 9 9,Mg.pbesol-spnl-kjpaw_psl.1.0.0
Mg_ecut15_k999_Mg.pbesol-spnl-rrkjus_psl.1.0.0.in,Mg,15,9 9 9,Mg.pbesol-spnl-rrkjus_psl.1.0.0
Mg_ecut15_k999_Mg.pbe-spnl-kjpaw_psl.1.0.0.in,Mg,15,9 9 9,Mg.pbe-spnl-kjpaw_psl.1.0.0
Mg_ecut15_k999_Mg.pbe-spnl-rrkjus_psl.1.0.0.in,Mg,15,9 9 9,Mg.pbe-spnl-rrkjus_psl.1.0.0
Mg_ecut15_k101010_Mg.pbesol-spnl-kjpaw_psl.1.0.0.in,Mg,15,10 10 10,Mg.pbesol-spnl-kjpaw_psl.1.0.0
Mg_ecut15_k101010_Mg.pbesol-spnl-rrkjus_psl.1.0.0.in,Mg,15,10 10 10,Mg.pbesol-spnl-rrkjus_psl.1.0.0
Mg_ecut15_k101010_Mg.pbe-spnl-kjpaw_psl.1.0.0.in,Mg,15,10 10 10,Mg.pbe-spnl-kjpaw_psl.1.0.0
Mg_ecut15_k101010_Mg.pbe-spnl-rrkjus_psl.1.0.0.in,Mg,15,10 10 10,Mg.pbe-spnl-rrkjus_psl.1.0.0
Mg_ecut15_k111111_Mg.pbesol-spnl-kjpaw_psl.1.0.0.in,Mg,15,11 11 11,Mg.pbesol-spnl-kjpaw_psl.1.0.0
Mg_ecut15_k111111_Mg.pbesol-spnl-rrkjus_psl.1.0.0.in,Mg,15,11 11 11,Mg.pbesol-spnl-rrkjus_psl.1.0.0
Mg_ecut15_k111111_Mg.pbe-spnl-kjpaw_psl.1.0.0.in,Mg,15,11 11 11,Mg.pbe-spnl-kjpaw_psl.1.0.0
Mg_ecut15_k111111_Mg.pbe-spnl-rrkjus_psl.1.0.0.in,Mg,15,11 11 11,Mg.pbe-spnl-rrkjus_psl.1.0.0
Mg_ecut20_k111_Mg.pbesol-spnl-kjpaw_psl.1.0.0.in,Mg,20,1 1 1,Mg.pbesol-spnl-kjpaw_psl.1.0.0
Mg_ecut20_k111_Mg.pbesol-spnl-rrkjus_psl.1.0.0.in,Mg,20,1 1 1,Mg.pbesol-spnl-rrkjus_psl.1.0.0
Mg_ecut20_k111_Mg.pbe-spnl-kjpaw_psl.1.0.0.in,Mg,20,1 1 1,Mg.pbe-spnl-kjpaw_psl.1.0.0
Mg_ecut20_k111_Mg.pbe-spnl-rrkjus_psl.1.0.0.in,Mg,20,1 1 1,Mg.pbe-spnl-rrkjus_psl.1.0.0
Mg_ecut20_k222_Mg.pbesol-spnl-kjpaw_psl.1.0.0.in,Mg,20,2 2 2,Mg.pbesol-spnl-kjpaw_psl.1.0.0
Mg_ecut20_k222_Mg.pbesol-spnl-rrkjus_psl.1.0.0.in,Mg,20,2 2 2,Mg.pbesol-spnl-rrkjus_psl.1.0.0
Mg_ecut20_k222_Mg.pbe-spnl-kjpaw_psl.1.0.0.in,Mg,20,2 2 2,Mg.pbe-spnl-kjpaw_psl.1.0.0
Mg_ecut20_k222_Mg.pbe-spnl-rrkjus_psl.1.0.0.in,Mg,20,2 2 2,Mg.pbe-spnl-rrkjus_psl.1.0.0
Mg_ecut20_k333_Mg.pbesol-spnl-kjpaw_psl.1.0.0.in,Mg,20,3 3 3,Mg.pbesol-spnl-kjpaw_psl.1.0.0
Mg_ecut20_k333_Mg.pbesol-spnl-rrkjus_psl.1.0.0.in,Mg,20,3 3 3,Mg.pbesol-spnl-rrkjus_psl.1.0.0
Mg_ecut20_k333_Mg.pbe-spnl-kjpaw_psl.1.0.0.in,Mg,20,3 3 3,Mg.pbe-spnl-kjpaw_psl.1.0.0
Mg_ecut20_k333_Mg.pbe-spnl-rrkjus_psl.1.0.0.in,Mg,20,3 3 3,Mg.pbe-spnl-rrkjus_psl.1.0.0
Mg_ecut20_k444_Mg.pbesol-spnl-kjpaw_psl.1.0.0.in,Mg,20,4 4 4,Mg.pbesol-spnl-kjpaw_psl.1.0.0
Mg_ecut20_k444_Mg.pbesol-spnl-rrkjus_psl.1.0.0.in,Mg,20,4 4 4,Mg.pbesol-spnl-rrkjus_psl.1.0.0
Mg_ecut20_k444_Mg.pbe-spnl-kjpaw_psl.1.0.0.in,Mg,20,4 4 4,Mg.pbe-spnl-kjpaw_psl.1.0.0
Mg_ecut20_k444_Mg.pbe-spnl-rrkjus_psl.1.0.0.in,Mg,20,4 4 4,Mg.pbe-spnl-rrkjus_psl.1.0.0
Mg_ecut20_k555_Mg.pbesol-spnl-kjpaw_psl.1.0.0.in,Mg,20,5 5 5,Mg.pbesol-spnl-kjpaw_psl.1.0.0
Mg_ecut20_k555_Mg.pbesol-spnl-rrkjus_psl.1.0.0.in,Mg,20,5 5 5,Mg.pbesol-spnl-rrkjus_psl.1.0.0
Mg_ecut20_k555_Mg.pbe-spnl-kjpaw_psl.1.0.0.in,Mg,20,5 5 5,Mg.pbe-spnl-kjpaw_psl.1.0.0
Mg_ecut20_k555_Mg.pbe-spnl-rrkjus_psl.1.0.0.in,Mg,20,5 5 5,Mg.pbe-spnl-rrkjus_psl.1.0.0
Mg_ecut20_k666_Mg.pbesol-spnl-kjpaw_psl.1.0.0.in,Mg,20,6 6 6,Mg.pbesol-spnl-kjpaw_psl.1.0.0
Mg_ecut20_k666_Mg.pbesol-spnl-rrkjus_psl.1.0.0.in,Mg,20,6 6 6,Mg.pbesol-spnl-rrkjus_psl.1.0.0
Mg_ecut20_k666_Mg.pbe-spnl-kjpaw_psl.1.0.0.in,Mg,20,6 6 6,Mg.pbe-spnl-kjpaw_psl.1.0.0
Mg_ecut20_k666_Mg.pbe-spnl-rrkjus_psl.1.0.0.in,Mg,20,6 6 6,Mg.pbe-spnl-rrkjus_psl.1.0.0
Mg_ecut20_k777_Mg.pbesol-spnl-kjpaw_psl.1.0.0.in,Mg,20,7 7 7,Mg.pbesol-spnl-kjpaw_psl.1.0.0
Mg_ecut20_k777_Mg.pbesol-spnl-rrkjus_psl.1.0.0.in,Mg,20,7 7 7,Mg.pbesol-spnl-rrkjus_psl.1.0.0
Mg_ecut20_k777_Mg.pbe-spnl-kjpaw_psl.1.0.0.in,Mg,20,7 7 7,Mg.pbe-spnl-kjpaw_psl.1.0.0
Mg_ecut20_k777_Mg.pbe-spnl-rrkjus_psl.1.0.0.in,Mg,20,7 7 7,Mg.pbe-spnl-rrkjus_psl.1.0.0
Mg_ecut20_k888_Mg.pbesol-spnl-kjpaw_psl.1.0.0.in,Mg,20,8 8 8,Mg.pbesol-spnl-kjpaw_psl.1.0.0
Mg_ecut20_k888_Mg.pbesol-spnl-rrkjus_psl.1.0.0.in,Mg,20,8 8 8,Mg.pbesol-spnl-rrkjus_psl.1.0.0
Mg_ecut20_k888_Mg.pbe-spnl-kjpaw_psl.1.0.0.in,Mg,20,8 8 8,Mg.pbe-spnl-kjpaw_psl.1.0.0
Mg_ecut20_k888_Mg.pbe-spnl-rrkjus_psl.1.0.0.in,Mg,20,8 8 8,Mg.pbe-spnl-rrkjus_psl.1.0.0
Mg_ecut20_k999_Mg.pbesol-spnl-kjpaw_psl.1.0.0.in,Mg,20,9 9 9,Mg.pbesol-spnl-kjpaw_psl.1.0.0
Mg_ecut20_k999_Mg.pbesol-spnl-rrkjus_psl.1.0.0.in,Mg,20,9 9 9,Mg.pbesol-spnl-rrkjus_psl.1.0.0
Mg_ecut20_k999_Mg.pbe-spnl-kjpaw_psl.1.0.0.in,Mg,20,9 9 9,Mg.pbe-spnl-kjpaw_psl.1.0.0
Mg_ecut20_k999_Mg.pbe-spnl-rrkjus_psl.1.0.0.in,Mg,20,9 9 9,Mg.pbe-spnl-rrkjus_psl.1.0.0
Mg_ecut20_k101010_Mg.pbesol-spnl-kjpaw_psl.1.0.0.in,Mg,20,10 10 10,Mg.pbesol-spnl-kjpaw_psl.1.0.0
Mg_ecut20_k101010_Mg.pbesol-spnl-rrkjus_psl.1.0.0.in,Mg,20,10 10 10,Mg.pbesol-spnl-rrkjus_psl.1.0.0
Mg_ecut20_k101010_Mg.pbe-spnl-kjpaw_psl.1.0.0.in,Mg,20,10 10 10,Mg.pbe-spnl-kjpaw_psl.1.0.0
Mg_ecut20_k101010_Mg.pbe-spnl-rrkjus_psl.1.0.0.in,Mg,20,10 10 10,Mg.pbe-spnl-rrkjus_psl.1.0.0
Mg_ecut20_k111111_Mg.pbesol-spnl-kjpaw_psl.1.0.0.in,Mg,20,11 11 11,Mg.pbesol-spnl-kjpaw_psl.1.0.0
Mg_ecut20_k111111_Mg.pbesol-spnl-rrkjus_psl.1.0.0.in,Mg,20,11 11 11,Mg.pbesol-spnl-rrkjus_psl.1.0.0
Mg_ecut20_k111111_Mg.pbe-spnl-kjpaw_psl.1.0.0.in,Mg,20,11 11 11,Mg.pbe-spnl-kjpaw_psl.1.0.0
Mg_ecut20_k111111_Mg.pbe-spnl-rrkjus_psl.1.0.0.in,Mg,20,11 11 11,Mg.pbe-spnl-rrkjus_psl.1.0.0
Mg_ecut25_k111_Mg.pbesol-spnl-kjpaw_psl.1.0.0.in,Mg,25,1 1 1,Mg.pbesol-spnl-kjpaw_psl.1.0.0
Mg_ecut25_k111_Mg.pbesol-spnl-rrkjus_psl.1.0.0.in,Mg,25,1 1 1,Mg.pbesol-spnl-rrkjus_psl.1.0.0
Mg_ecut25_k111_Mg.pbe-spnl-kjpaw_psl.1.0.0.in,Mg,25,1 1 1,Mg.pbe-spnl-kjpaw_psl.1.0.0
Mg_ecut25_k111_Mg.pbe-spnl-rrkjus_psl.1.0.0.in,Mg,25,1 1 1,Mg.pbe-spnl-rrkjus_psl.1.0.0
Mg_ecut25_k222_Mg.pbesol-spnl-kjpaw_psl.1.0.0.in,Mg,25,2 2 2,Mg.pbesol-spnl-kjpaw_psl.1.0.0
Mg_ecut25_k222_Mg.pbesol-spnl-rrkjus_psl.1.0.0.in,Mg,25,2 2 2,Mg.pbesol-spnl-rrkjus_psl.1.0.0
Mg_ecut25_k222_Mg.pbe-spnl-kjpaw_psl.1.0.0.in,Mg,25,2 2 2,Mg.pbe-spnl-kjpaw_psl.1.0.0
Mg_ecut25_k222_Mg.pbe-spnl-rrkjus_psl.1.0.0.in,Mg,25,2 2 2,Mg.pbe-spnl-rrkjus_psl.1.0.0
Mg_ecut25_k333_Mg.pbesol-spnl-kjpaw_psl.1.0.0.in,Mg,25,3 3 3,Mg.pbesol-spnl-kjpaw_psl.1.0.0
Mg_ecut25_k333_Mg.pbesol-spnl-rrkjus_psl.1.0.0.in,Mg,25,3 3 3,Mg.pbesol-spnl-rrkjus_psl.1.0.0
Mg_ecut25_k333_Mg.pbe-spnl-kjpaw_psl.1.0.0.in,Mg,25,3 3 3,Mg.pbe-spnl-kjpaw_psl.1.0.0
Mg_ecut25_k333_Mg.pbe-spnl-rrkjus_psl.1.0.0.in,Mg,25,3 3 3,Mg.pbe-spnl-rrkjus_psl.1.0.0
Mg_ecut25_k444_Mg.pbesol-spnl-kjpaw_psl.1.0.0.in,Mg,25,4 4 4,Mg.pbesol-spnl-kjpaw_psl.1.0.0
Mg_ecut25_k444_Mg.pbesol-spnl-rrkjus_psl.1.0.0.in,Mg,25,4 4 4,Mg.pbesol-spnl-rrkjus_psl.1.0.0
Mg_ecut25_k444_Mg.pbe-spnl-kjpaw_psl.1.0.0.in,Mg,25,4 4 4,Mg.pbe-spnl-kjpaw_psl.1.0.0
Mg_ecut25_k444_Mg.pbe-spnl-rrkjus_psl.1.0.0.in,Mg,25,4 4 4,Mg.pbe-spnl-rrkjus_psl.1.0.0
Mg_ecut25_k555_Mg.pbesol-spnl-kjpaw_psl.1.0.0.in,Mg,25,5 5 5,Mg.pbesol-spnl-kjpaw_psl.1.0.0
Mg_ecut25_k555_Mg.pbesol-spnl-rrkjus_psl.1.0.0.in,Mg,25,5 5 5,Mg.pbesol-spnl-rrkjus_psl.1.0.0
Mg_ecut25_k555_Mg.pbe-spnl-kjpaw_psl.1.0.0.in,Mg,25,5 5 5,Mg.pbe-spnl-kjpaw_psl.1.0.0
Mg_ecut25_k555_Mg.pbe-spnl-rrkjus_psl.1.0.0.in,Mg,25,5 5 5,Mg.pbe-spnl-rrkjus_psl.1.0.0
Mg_ecut25_k666_Mg.pbesol-spnl-kjpaw_psl.1.0.0.in,Mg,25,6 6 6,Mg.pbesol-spnl-kjpaw_psl.1.0.0
Mg_ecut25_k666_Mg.pbesol-spnl-rrkjus_psl.1.0.0.in,Mg,25,6 6 6,Mg.pbesol-spnl-rrkjus_psl.1.0.0
Mg_ecut25_k666_Mg.pbe-spnl-kjpaw_psl.1.0.0.in,Mg,25,6 6 6,Mg.pbe-spnl-kjpaw_psl.1.0.0
Mg_ecut25_k666_Mg.pbe-spnl-rrkjus_psl.1.0.0.in,Mg,25,6 6 6,Mg.pbe-spnl-rrkjus_psl.1.0.0
Mg_ecut25_k777_Mg.pbesol-spnl-kjpaw_psl.1.0.0.in,Mg,25,7 7 7,Mg.pbesol-spnl-kjpaw_psl.1.0.0
Mg_ecut25_k777_Mg.pbesol-spnl-rrkjus_psl.1.0.0.in,Mg,25,7 7 7,Mg.pbesol-spnl-rrkjus_psl.1.0.0
Mg_ecut25_k777_Mg.pbe-spnl-kjpaw_psl.1.0.0.in,Mg,25,7 7 7,Mg.pbe-spnl-kjpaw_psl.1.0.0
Mg_ecut25_k777_Mg.pbe-spnl-rrkjus_psl.1.0.0.in,Mg,25,7 7 7,Mg.pbe-spnl-rrkjus_psl.1.0.0
Mg_ecut25_k888_Mg.pbesol-spnl-kjpaw_psl.1.0.0.in,Mg,25,8 8 8,Mg.pbesol-spnl-kjpaw_psl.1.0.0
Mg_ecut25_k888_Mg.pbesol-spnl-rrkjus_psl.1.0.0.in,Mg,25,8 8 8,Mg.pbesol-spnl-rrkjus_psl.1.0.0
Mg_ecut25_k888_Mg.pbe-spnl-kjpaw_psl.1.0.0.in,Mg,25,8 8 8,Mg.pbe-spnl-kjpaw_psl.1.0.0
Mg_ecut25_k888_Mg.pbe-spnl-rrkjus_psl.1.0.0.in,Mg,25,8 8 8,Mg.pbe-spnl-rrkjus_psl.1.0.0
Mg_ecut25_k999_Mg.pbesol-spnl-kjpaw_psl.1.0.0.in,Mg,25,9 9 9,Mg.pbesol-spnl-kjpaw_psl.1.0.0
Mg_ecut25_k999_Mg.pbesol-spnl-rrkjus_psl.1.0.0.in,Mg,25,9 9 9,Mg.pbesol-spnl-rrkjus_psl.1.0.0
Mg_ecut25_k999_Mg.pbe-spnl-kjpaw_psl.1.0.0.in,Mg,25,9 9 9,Mg.pbe-spnl-kjpaw_psl.1.0.0
Mg_ecut25_k999_Mg.pbe-spnl-rrkjus_psl.1.0.0.in,Mg,25,9 9 9,Mg.pbe-spnl-rrkjus_psl.1.0.0
Mg_ecut25_k101010_Mg.pbesol-spnl-kjpaw_psl.1.0.0.in,Mg,25,10 10 10,Mg.pbesol-spnl-kjpaw_psl.1.0.0
Mg_ecut25_k101010_Mg.pbesol-spnl-rrkjus_psl.1.0.0.in,Mg,25,10 10 10,Mg.pbesol-spnl-rrkjus_psl.1.0.0
Mg_ecut25_k101010_Mg.pbe-spnl-kjpaw_psl.1.0.0.in,Mg,25,10 10 10,Mg.pbe-spnl-kjpaw_psl.1.0.0
Mg_ecut25_k101010_Mg.pbe-spnl-rrkjus_psl.1.0.0.in,Mg,25,10 10 10,Mg.pbe-spnl-rrkjus_psl.1.0.0
Mg_ecut25_k111111_Mg.pbesol-spnl-kjpaw_psl.1.0.0.in,Mg,25,11 11 11,Mg.pbesol-spnl-kjpaw_psl.1.0.0
Mg_ecut25_k111111_Mg.pbesol-spnl-rrkjus_psl.1.0.0.in,Mg,25,11 11 11,Mg.pbesol-spnl-rrkjus_psl.1.0.0
Mg_ecut25_k111111_Mg.pbe-spnl-kjpaw_psl.1.0.0.in,Mg,25,11 11 11,Mg.pbe-spnl-kjpaw_psl.1.0.0
Mg_ecut25_k111111_Mg.pbe-spnl-rrkjus_psl.1.0.0.in,Mg,25,11 11 11,Mg.pbe-spnl-rrkjus_psl.1.0.0
Mg_ecut30_k111_Mg.pbesol-spnl-kjpaw_psl.1.0.0.in,Mg,30,1 1 1,Mg.pbesol-spnl-kjpaw_psl.1.0.0
Mg_ecut30_k111_Mg.pbesol-spnl-rrkjus_psl.1.0.0.in,Mg,30,1 1 1,Mg.pbesol-spnl-rrkjus_psl.1.0.0
Mg_ecut30_k111_Mg.pbe-spnl-kjpaw_psl.1.0.0.in,Mg,30,1 1 1,Mg.pbe-spnl-kjpaw_psl.1.0.0
Mg_ecut30_k111_Mg.pbe-spnl-rrkjus_psl.1.0.0.in,Mg,30,1 1 1,Mg.pbe-spnl-rrkjus_psl.1.0.0
Mg_ecut30_k222_Mg.pbesol-spnl-kjpaw_psl.1.0.0.in,Mg,30,2 2 2,Mg.pbesol-spnl-kjpaw_psl.1.0.0
Mg_ecut30_k222_Mg.pbesol-spnl-rrkjus_psl.1.0.0.in,Mg,30,2 2 2,Mg.pbesol-spnl-rrkjus_psl.1.0.0
Mg_ecut30_k222_Mg.pbe-spnl-kjpaw_psl.1.0.0.in,Mg,30,2 2 2,Mg.pbe-spnl-kjpaw_psl.1.0.0
Mg_ecut30_k222_Mg.pbe-spnl-rrkjus_psl.1.0.0.in,Mg,30,2 2 2,Mg.pbe-spnl-rrkjus_psl.1.0.0
Mg_ecut30_k333_Mg.pbesol-spnl-kjpaw_psl.1.0.0.in,Mg,30,3 3 3,Mg.pbesol-spnl-kjpaw_psl.1.0.0
Mg_ecut30_k333_Mg.pbesol-spnl-rrkjus_psl.1.0.0.in,Mg,30,3 3 3,Mg.pbesol-spnl-rrkjus_psl.1.0.0
Mg_ecut30_k333_Mg.pbe-spnl-kjpaw_psl.1.0.0.in,Mg,30,3 3 3,Mg.pbe-spnl-kjpaw_psl.1.0.0
Mg_ecut30_k333_Mg.pbe-spnl-rrkjus_psl.1.0.0.in,Mg,30,3 3 3,Mg.pbe-spnl-rrkjus_psl.1.0.0
Mg_ecut30_k444_Mg.pbesol-spnl-kjpaw_psl.1.0.0.in,Mg,30,4 4 4,Mg.pbesol-spnl-kjpaw_psl.1.0.0
Mg_ecut30_k444_Mg.pbesol-spnl-rrkjus_psl.1.0.0.in,Mg,30,4 4 4,Mg.pbesol-spnl-rrkjus_psl.1.0.0
Mg_ecut30_k444_Mg.pbe-spnl-kjpaw_psl.1.0.0.in,Mg,30,4 4 4,Mg.pbe-spnl-kjpaw_psl.1.0.0
Mg_ecut30_k444_Mg.pbe-spnl-rrkjus_psl.1.0.0.in,Mg,30,4 4 4,Mg.pbe-spnl-rrkjus_psl.1.0.0
Mg_ecut30_k555_Mg.pbesol-spnl-kjpaw_psl.1.0.0.in,Mg,30,5 5 5,Mg.pbesol-spnl-kjpaw_psl.1.0.0
Mg_ecut30_k555_Mg.pbesol-spnl-rrkjus_psl.1.0.0.in,Mg,30,5 5 5,Mg.pbesol-spnl-rrkjus_psl.1.0.0
Mg_ecut30_k555_Mg.pbe-spnl-kjpaw_psl.1.0.0.in,Mg,30,5 5 5,Mg.pbe-spnl-kjpaw_psl.1.0.0
Mg_ecut30_k555_Mg.pbe-spnl-rrkjus_psl.1.0.0.in,Mg,30,5 5 5,Mg.pbe-spnl-rrkjus_psl.1.0.0
Mg_ecut30_k666_Mg.pbesol-spnl-kjpaw_psl.1.0.0.in,Mg,30,6 6 6,Mg.pbesol-spnl-kjpaw_psl.1.0.0
Mg_ecut30_k666_Mg.pbesol-spnl-rrkjus_psl.1.0.0.in,Mg,30,6 6 6,Mg.pbesol-spnl-rrkjus_psl.1.0.0
Mg_ecut30_k666_Mg.pbe-spnl-kjpaw_psl.1.0.0.in,Mg,30,6 6 6,Mg.pbe-spnl-kjpaw_psl.1.0.0
Mg_ecut30_k666_Mg.pbe-spnl-rrkjus_psl.1.0.0.in,Mg,30,6 6 6,Mg.pbe-spnl-rrkjus_psl.1.0.0
Mg_ecut30_k777_Mg.pbesol-spnl-kjpaw_psl.1.0.0.in,Mg,30,7 7 7,Mg.pbesol-spnl-kjpaw_psl.1.0.0
Mg_ecut30_k777_Mg.pbesol-spnl-rrkjus_psl.1.0.0.in,Mg,30,7 7 7,Mg.pbesol-spnl-rrkjus_psl.1.0.0
Mg_ecut30_k777_Mg.pbe-spnl-kjpaw_psl.1.0.0.in,Mg,30,7 7 7,Mg.pbe-spnl-kjpaw_psl.1.0.0
Mg_ecut30_k777_Mg.pbe-spnl-rrkjus_psl.1.0.0.in,Mg,30,7 7 7,Mg.pbe-spnl-rrkjus_psl.1.0.0
Mg_ecut30_k888_Mg.pbesol-spnl-kjpaw_psl.1.0.0.in,Mg,30,8 8 8,Mg.pbesol-spnl-kjpaw_psl.1.0.0
Mg_ecut30_k888_Mg.pbesol-spnl-rrkjus_psl.1.0.0.in,Mg,30,8 8 8,Mg.pbesol-spnl-rrkjus_psl.1.0.0
Mg_ecut30_k888_Mg.pbe-spnl-kjpaw_psl.1.0.0.in,Mg,30,8 8 8,Mg.pbe-spnl-kjpaw_psl.1.0.0
Mg_ecut30_k888_Mg.pbe-spnl-rrkjus_psl.1.0.0.in,Mg,30,8 8 8,Mg.pbe-spnl-rrkjus_psl.1.0.0
Mg_ecut30_k999_Mg.pbesol-spnl-kjpaw_psl.1.0.0.in,Mg,30,9 9 9,Mg.pbesol-spnl-kjpaw_psl.1.0.0
Mg_ecut30_k999_Mg.pbesol-spnl-rrkjus_psl.1.0.0.in,Mg,30,9 9 9,Mg.pbesol-spnl-rrkjus_psl.1.0.0
Mg_ecut30_k999_Mg.pbe-spnl-kjpaw_psl.1.0.0.in,Mg,30,9 9 9,Mg.pbe-spnl-kjpaw_psl.1.0.0
Mg_ecut30_k999_Mg.pbe-spnl-rrkjus_psl.1.0.0.in,Mg,30,9 9 9,Mg.pbe-spnl-rrkjus_psl.1.0.0
Mg_ecut30_k101010_Mg.pbesol-spnl-kjpaw_psl.1.0.0.in,Mg,30,10 10 10,Mg.pbesol-spnl-kjpaw_psl.1.0.0
Mg_ecut30_k101010_Mg.pbesol-spnl-rrkjus_psl.1.0.0.in,Mg,30,10 10 10,Mg.pbesol-spnl-rrkjus_psl.1.0.0
Mg_ecut30_k101010_Mg.pbe-spnl-kjpaw_psl.1.0.0.in,Mg,30,10 10 10,Mg.pbe-spnl-kjpaw_psl.1.0.0
Mg_ecut30_k101010_Mg.pbe-spnl-rrkjus_psl.1.0.0.in,Mg,30,10 10 10,Mg.pbe-spnl-rrkjus_psl.1.0.0
Mg_ecut30_k111111_Mg.pbesol-spnl-kjpaw_psl.1.0.0.in,Mg,30,11 11 11,Mg.pbesol-spnl-kjpaw_psl.1.0.0
Mg_ecut30_k111111_Mg.pbesol-spnl-rrkjus_psl.1.0.0.in,Mg,30,11 11 11,Mg.pbesol-spnl-rrkjus_psl.1.0.0
Mg_ecut30_k111111_Mg.pbe-spnl-kjpaw_psl.1.0.0.in,Mg,30,11 11 11,Mg.pbe-spnl-kjpaw_psl.1.0.0
Mg_ecut30_k111111_Mg.pbe-spnl-rrkjus_psl.1.0.0.in,Mg,30,11 11 11,Mg.pbe-spnl-rrkjus_psl.1.0.0
Mg_ecut35_k111_Mg.pbesol-spnl-kjpaw_psl.1.0.0.in,Mg,35,1 1 1,Mg.pbesol-spnl-kjpaw_psl.1.0.0
Mg_ecut35_k111_Mg.pbesol-spnl-rrkjus_psl.1.0.0.in,Mg,35,1 1 1,Mg.pbesol-spnl-rrkjus_psl.1.0.0
Mg_ecut35_k111_Mg.pbe-spnl-kjpaw_psl.1.0.0.in,Mg,35,1 1 1,Mg.pbe-spnl-kjpaw_psl.1.0.0
Mg_ecut35_k111_Mg.pbe-spnl-rrkjus_psl.1.0.0.in,Mg,35,1 1 1,Mg.pbe-spnl-rrkjus_psl.1.0.0
Mg_ecut35_k222_Mg.pbesol-spnl-kjpaw_psl.1.0.0.in,Mg,35,2 2 2,Mg.pbesol-spnl-kjpaw_psl.1.0.0
Mg_ecut35_k222_Mg.pbesol-spnl-rrkjus_psl.1.0.0.in,Mg,35,2 2 2,Mg.pbesol-spnl-rrkjus_psl.1.0.0
Mg_ecut35_k222_Mg.pbe-spnl-kjpaw_psl.1.0.0.in,Mg,35,2 2 2,Mg.pbe-spnl-kjpaw_psl.1.0.0
Mg_ecut35_k222_Mg.pbe-spnl-rrkjus_psl.1.0.0.in,Mg,35,2 2 2,Mg.pbe-spnl-rrkjus_psl.1.0.0
Mg_ecut35_k333_Mg.pbesol-spnl-kjpaw_psl.1.0.0.in,Mg,35,3 3 3,Mg.pbesol-spnl-kjpaw_psl.1.0.0
Mg_ecut35_k333_Mg.pbesol-spnl-rrkjus_psl.1.0.0.in,Mg,35,3 3 3,Mg.pbesol-spnl-rrkjus_psl.1.0.0
Mg_ecut35_k333_Mg.pbe-spnl-kjpaw_psl.1.0.0.in,Mg,35,3 3 3,Mg.pbe-spnl-kjpaw_psl.1.0.0
Mg_ecut35_k333_Mg.pbe-spnl-rrkjus_psl.1.0.0.in,Mg,35,3 3 3,Mg.pbe-spnl-rrkjus_psl.1.0.0
Mg_ecut35_k444_Mg.pbesol-spnl-kjpaw_psl.1.0.0.in,Mg,35,4 4 4,Mg.pbesol-spnl-kjpaw_psl.1.0.0
Mg_ecut35_k444_Mg.pbesol-spnl-rrkjus_psl.1.0.0.in,Mg,35,4 4 4,Mg.pbesol-spnl-rrkjus_psl.1.0.0
Mg_ecut35_k444_Mg.pbe-spnl-kjpaw_psl.1.0.0.in,Mg,35,4 4 4,Mg.pbe-spnl-kjpaw_psl.1.0.0
Mg_ecut35_k444_Mg.pbe-spnl-rrkjus_psl.1.0.0.in,Mg,35,4 4 4,Mg.pbe-spnl-rrkjus_psl.1.0.0
Mg_ecut35_k555_Mg.pbesol-spnl-kjpaw_psl.1.0.0.in,Mg,35,5 5 5,Mg.pbesol-spnl-kjpaw_psl.1.0.0
Mg_ecut35_k555_Mg.pbesol-spnl-rrkjus_psl.1.0.0.in,Mg,35,5 5 5,Mg.pbesol-spnl-rrkjus_psl.1.0.0
Mg_ecut35_k555_Mg.pbe-spnl-kjpaw_psl.1.0.0.in,Mg,35,5 5 5,Mg.pbe-spnl-kjpaw_psl.1.0.0
Mg_ecut35_k555_Mg.pbe-spnl-rrkjus_psl.1.0.0.in,Mg,35,5 5 5,Mg.pbe-spnl-rrkjus_psl.1.0.0
Mg_ecut35_k666_Mg.pbesol-spnl-kjpaw_psl.1.0.0.in,Mg,35,6 6 6,Mg.pbesol-spnl-kjpaw_psl.1.0.0
Mg_ecut35_k666_Mg.pbesol-spnl-rrkjus_psl.1.0.0.in,Mg,35,6 6 6,Mg.pbesol-spnl-rrkjus_psl.1.0.0
Mg_ecut35_k666_Mg.pbe-spnl-kjpaw_psl.1.0.0.in,Mg,35,6 6 6,Mg.pbe-spnl-kjpaw_psl.1.0.0
Mg_ecut35_k666_Mg.pbe-spnl-rrkjus_psl.1.0.0.in,Mg,35,6 6 6,Mg.pbe-spnl-rrkjus_psl.1.0.0
Mg_ecut35_k777_Mg.pbesol-spnl-kjpaw_psl.1.0.0.in,Mg,35,7 7 7,Mg.pbesol-spnl-kjpaw_psl.1.0.0
Mg_ecut35_k777_Mg.pbesol-spnl-rrkjus_psl.1.0.0.in,Mg,35,7 7 7,Mg.pbesol-spnl-rrkjus_psl.1.0.0
Mg_ecut35_k777_Mg.pbe-spnl-kjpaw_psl.1.0.0.in,Mg,35,7 7 7,Mg.pbe-spnl-kjpaw_psl.1.0.0
Mg_ecut35_k777_Mg.pbe-spnl-rrkjus_psl.1.0.0.in,Mg,35,7 7 7,Mg.pbe-spnl-rrkjus_psl.1.0.0
Mg_ecut35_k888_Mg.pbesol-spnl-kjpaw_psl.1.0.0.in,Mg,35,8 8 8,Mg.pbesol-spnl-kjpaw_psl.1.0.0
Mg_ecut35_k888_Mg.pbesol-spnl-rrkjus_psl.1.0.0.in,Mg,35,8 8 8,Mg.pbesol-spnl-rrkjus_psl.1.0.0
Mg_ecut35_k888_Mg.pbe-spnl-kjpaw_psl.1.0.0.in,Mg,35,8 8 8,Mg.pbe-spnl-kjpaw_psl.1.0.0
Mg_ecut35_k888_Mg.pbe-spnl-rrkjus_psl.1.0.0.in,Mg,35,8 8 8,Mg.pbe-spnl-rrkjus_psl.1.0.0
Mg_ecut35_k999_Mg.pbesol-spnl-kjpaw_psl.1.0.0.in,Mg,35,9 9 9,Mg.pbesol-spnl-kjpaw_psl.1.0.0
Mg_ecut35_k999_Mg.pbesol-spnl-rrkjus_psl.1.0.0.in,Mg,35,9 9 9,Mg.pbesol-spnl-rrkjus_psl.1.0.0
Mg_ecut35_k999_Mg.pbe-spnl-kjpaw_psl.1.0.0.in,Mg,35,9 9 9,Mg.pbe-spnl-kjpaw_psl.1.0.0
Mg_ecut35_k999_Mg.pbe-spnl-rrkjus_psl.1.0.0.in,Mg,35,9 9 9,Mg.pbe-spnl-rrkjus_psl.1.0.0
Mg_ecut35_k101010_Mg.pbesol-spnl-kjpaw_psl.1.0.0.in,Mg,35,10 10 10,Mg.pbesol-spnl-kjpaw_psl.1.0.0
Mg_ecut35_k101010_Mg.pbesol-spnl-rrkjus_psl.1.0.0.in,Mg,35,10 10 10,Mg.pbesol-spnl-rrkjus_psl.1.0.0
Mg_ecut35_k101010_Mg.pbe-spnl-kjpaw_psl.1.0.0.in,Mg,35,10 10 10,Mg.pbe-spnl-kjpaw_psl.1.0.0
Mg_ecut35_k101010_Mg.pbe-spnl-rrkjus_psl.1.0.0.in,Mg,35,10 10 10,Mg.pbe-spnl-rrkjus_psl.1.0.0
Mg_ecut35_k111111_Mg.pbesol-spnl-kjpaw_psl.1.0.0.in,Mg,35,11 11 11,Mg.pbesol-spnl-kjpaw_psl.1.0.0
Mg_ecut35_k111111_Mg.pbesol-spnl-rrkjus_psl.1.0.0.in,Mg,35,11 11 11,Mg.pbesol-spnl-rrkjus_psl.1.0.0
Mg_ecut35_k111111_Mg.pbe-spnl-kjpaw_psl.1.0.0.in,Mg,35,11 11 11,Mg.pbe-spnl-kjpaw_psl.1.0.0
Mg_ecut35_k111111_Mg.pbe-spnl-rrkjus_psl.1.0.0.in,Mg,35,11 11 11,Mg.pbe-spnl-rrkjus_psl.1.0.0
Mg_ecut40_k111_Mg.pbesol-spnl-kjpaw_psl.1.0.0.in,Mg,40,1 1 1,Mg.pbesol-spnl-kjpaw_psl.1.0.0
Mg_ecut40_k111_Mg.pbesol-spnl-rrkjus_psl.1.0.0.in,Mg,40,1 1 1,Mg.pbesol-spnl-rrkjus_psl.1.0.0
Mg_ecut40_k111_Mg.pbe-spnl-kjpaw_psl.1.0.0.in,Mg,40,1 1 1,Mg.pbe-spnl-kjpaw_psl.1.0.0
Mg_ecut40_k111_Mg.pbe-spnl-rrkjus_psl.1.0.0.in,Mg,40,1 1 1,Mg.pbe-spnl-rrkjus_psl.1.0.0
Mg_ecut40_k222_Mg.pbesol-spnl-kjpaw_psl.1.0.0.in,Mg,40,2 2 2,Mg.pbesol-spnl-kjpaw_psl.1.0.0
Mg_ecut40_k222_Mg.pbesol-spnl-rrkjus_psl.1.0.0.in,Mg,40,2 2 2,Mg.pbesol-spnl-rrkjus_psl.1.0.0
Mg_ecut40_k222_Mg.pbe-spnl-kjpaw_psl.1.0.0.in,Mg,40,2 2 2,Mg.pbe-spnl-kjpaw_psl.1.0.0
Mg_ecut40_k222_Mg.pbe-spnl-rrkjus_psl.1.0.0.in,Mg,40,2 2 2,Mg.pbe-spnl-rrkjus_psl.1.0.0
Mg_ecut40_k333_Mg.pbesol-spnl-kjpaw_psl.1.0.0.in,Mg,40,3 3 3,Mg.pbesol-spnl-kjpaw_psl.1.0.0
Mg_ecut40_k333_Mg.pbesol-spnl-rrkjus_psl.1.0.0.in,Mg,40,3 3 3,Mg.pbesol-spnl-rrkjus_psl.1.0.0
Mg_ecut40_k333_Mg.pbe-spnl-kjpaw_psl.1.0.0.in,Mg,40,3 3 3,Mg.pbe-spnl-kjpaw_psl.1.0.0
Mg_ecut40_k333_Mg.pbe-spnl-rrkjus_psl.1.0.0.in,Mg,40,3 3 3,Mg.pbe-spnl-rrkjus_psl.1.0.0
Mg_ecut40_k444_Mg.pbesol-spnl-kjpaw_psl.1.0.0.in,Mg,40,4 4 4,Mg.pbesol-spnl-kjpaw_psl.1.0.0
Mg_ecut40_k444_Mg.pbesol-spnl-rrkjus_psl.1.0.0.in,Mg,40,4 4 4,Mg.pbesol-spnl-rrkjus_psl.1.0.0
Mg_ecut40_k444_Mg.pbe-spnl-kjpaw_psl.1.0.0.in,Mg,40,4 4 4,Mg.pbe-spnl-kjpaw_psl.1.0.0
Mg_ecut40_k444_Mg.pbe-spnl-rrkjus_psl.1.0.0.in,Mg,40,4 4 4,Mg.pbe-spnl-rrkjus_psl.1.0.0
Mg_ecut40_k555_Mg.pbesol-spnl-kjpaw_psl.1.0.0.in,Mg,40,5 5 5,Mg.pbesol-spnl-kjpaw_psl.1.0.0
Mg_ecut40_k555_Mg.pbesol-spnl-rrkjus_psl.1.0.0.in,Mg,40,5 5 5,Mg.pbesol-spnl-rrkjus_psl.1.0.0
Mg_ecut40_k555_Mg.pbe-spnl-kjpaw_psl.1.0.0.in,Mg,40,5 5 5,Mg.pbe-spnl-kjpaw_psl.1.0.0
Mg_ecut40_k555_Mg.pbe-spnl-rrkjus_psl.1.0.0.in,Mg,40,5 5 5,Mg.pbe-spnl-rrkjus_psl.1.0.0
Mg_ecut40_k666_Mg.pbesol-spnl-kjpaw_psl.1.0.0.in,Mg,40,6 6 6,Mg.pbesol-spnl-kjpaw_psl.1.0.0
Mg_ecut40_k666_Mg.pbesol-spnl-rrkjus_psl.1.0.0.in,Mg,40,6 6 6,Mg.pbesol-spnl-rrkjus_psl.1.0.0
Mg_ecut40_k666_Mg.pbe-spnl-kjpaw_psl.1.0.0.in,Mg,40,6 6 6,Mg.pbe-spnl-kjpaw_psl.1.0.0
Mg_ecut40_k666_Mg.pbe-spnl-rrkjus_psl.1.0.0.in,Mg,40,6 6 6,Mg.pbe-spnl-rrkjus_psl.1.0.0
Mg_ecut40_k777_Mg.pbesol-spnl-kjpaw_psl.1.0.0.in,Mg,40,7 7 7,Mg.pbesol-spnl-kjpaw_psl.1.0.0
Mg_ecut40_k777_Mg.pbesol-spnl-rrkjus_psl.1.0.0.in,Mg,40,7 7 7,Mg.pbesol-spnl-rrkjus_psl.1.0.0
Mg_ecut40_k777_Mg.pbe-spnl-kjpaw_psl.1.0.0.in,Mg,40,7 7 7,Mg.pbe-spnl-kjpaw_psl.1.0.0
Mg_ecut40_k777_Mg.pbe-spnl-rrkjus_psl.1.0.0.in,Mg,40,7 7 7,Mg.pbe-spnl-rrkjus_psl.1.0.0
Mg_ecut40_k888_Mg.pbesol-spnl-kjpaw_psl.1.0.0.in,Mg,40,8 8 8,Mg.pbesol-spnl-kjpaw_psl.1.0.0
Mg_ecut40_k888_Mg.pbesol-spnl-rrkjus_psl.1.0.0.in,Mg,40,8 8 8,Mg.pbesol-spnl-rrkjus_psl.1.0.0
Mg_ecut40_k888_Mg.pbe-spnl-kjpaw_psl.1.0.0.in,Mg,40,8 8 8,Mg.pbe-spnl-kjpaw_psl.1.0.0
Mg_ecut40_k888_Mg.pbe-spnl-rrkjus_psl.1.0.0.in,Mg,40,8 8 8,Mg.pbe-spnl-rrkjus_psl.1.0.0
Mg_ecut40_k999_Mg.pbesol-spnl-kjpaw_psl.1.0.0.in,Mg,40,9 9 9,Mg.pbesol-spnl-kjpaw_psl.1.0.0
Mg_ecut40_k999_Mg.pbesol-spnl-rrkjus_psl.1.0.0.in,Mg,40,9 9 9,Mg.pbesol-spnl-rrkjus_psl.1.0.0
Mg_ecut40_k999_Mg.pbe-spnl-kjpaw_psl.1.0.0.in,Mg,40,9 9 9,Mg.pbe-spnl-kjpaw_psl.1.0.0
Mg_ecut40_k999_Mg.pbe-spnl-rrkjus_psl.1.0.0.in,Mg,40,9 9 9,Mg.pbe-spnl-rrkjus_psl.1.0.0
Mg_ecut40_k101010_Mg.pbesol-spnl-kjpaw_psl.1.0.0.in,Mg,40,10 10 10,Mg.pbesol-spnl-kjpaw_psl.1.0.0
Mg_ecut40_k101010_Mg.pbesol-spnl-rrkjus_psl.1.0.0.in,Mg,40,10 10 10,Mg.pbesol-spnl-rrkjus_psl.1.0.0
Mg_ecut40_k101010_Mg.pbe-spnl-kjpaw_psl.1.0.0.in,Mg,40,10 10 10,Mg.pbe-spnl-kjpaw_psl.1.0.0
Mg_ecut40_k101010_Mg.pbe-spnl-rrkjus_psl.1.0.0.in,Mg,40,10 10 10,Mg.pbe-spnl-rrkjus_psl.1.0.0
Mg_ecut40_k111111_Mg.pbesol-spnl-kjpaw_psl.1.0.0.in,Mg,40,11 11 11,Mg.pbesol-spnl-kjpaw_psl.1.0.0
Mg_ecut40_k111111_Mg.pbesol-spnl-rrkjus_psl.1.0.0.in,Mg,40,11 11 11,Mg.pbesol-spnl-rrkjus_psl.1.0.0
Mg_ecut40_k111111_Mg.pbe-spnl-kjpaw_psl.1.0.0.in,Mg,40,11 11 11,Mg.pbe-spnl-kjpaw_psl.1.0.0
Mg_ecut40_k111111_Mg.pbe-spnl-rrkjus_psl.1.0.0.in,Mg,40,11 11 11,Mg.pbe-spnl-rrkjus_psl.1.0.0
Mg_ecut45_k111_Mg.pbesol-spnl-kjpaw_psl.1.0.0.in,Mg,45,1 1 1,Mg.pbesol-spnl-kjpaw_psl.1.0.0
Mg_ecut45_k111_Mg.pbesol-spnl-rrkjus_psl.1.0.0.in,Mg,45,1 1 1,Mg.pbesol-spnl-rrkjus_psl.1.0.0
Mg_ecut45_k111_Mg.pbe-spnl-kjpaw_psl.1.0.0.in,Mg,45,1 1 1,Mg.pbe-spnl-kjpaw_psl.1.0.0
Mg_ecut45_k111_Mg.pbe-spnl-rrkjus_psl.1.0.0.in,Mg,45,1 1 1,Mg.pbe-spnl-rrkjus_psl.1.0.0
Mg_ecut45_k222_Mg.pbesol-spnl-kjpaw_psl.1.0.0.in,Mg,45,2 2 2,Mg.pbesol-spnl-kjpaw_psl.1.0.0
Mg_ecut45_k222_Mg.pbesol-spnl-rrkjus_psl.1.0.0.in,Mg,45,2 2 2,Mg.pbesol-spnl-rrkjus_psl.1.0.0
Mg_ecut45_k222_Mg.pbe-spnl-kjpaw_psl.1.0.0.in,Mg,45,2 2 2,Mg.pbe-spnl-kjpaw_psl.1.0.0
Mg_ecut45_k222_Mg.pbe-spnl-rrkjus_psl.1.0.0.in,Mg,45,2 2 2,Mg.pbe-spnl-rrkjus_psl.1.0.0
Mg_ecut45_k333_Mg.pbesol-spnl-kjpaw_psl.1.0.0.in,Mg,45,3 3 3,Mg.pbesol-spnl-kjpaw_psl.1.0.0
Mg_ecut45_k333_Mg.pbesol-spnl-rrkjus_psl.1.0.0.in,Mg,45,3 3 3,Mg.pbesol-spnl-rrkjus_psl.1.0.0
Mg_ecut45_k333_Mg.pbe-spnl-kjpaw_psl.1.0.0.in,Mg,45,3 3 3,Mg.pbe-spnl-kjpaw_psl.1.0.0
Mg_ecut45_k333_Mg.pbe-spnl-rrkjus_psl.1.0.0.in,Mg,45,3 3 3,Mg.pbe-spnl-rrkjus_psl.1.0.0
Mg_ecut45_k444_Mg.pbesol-spnl-kjpaw_psl.1.0.0.in,Mg,45,4 4 4,Mg.pbesol-spnl-kjpaw_psl.1.0.0
Mg_ecut45_k444_Mg.pbesol-spnl-rrkjus_psl.1.0.0.in,Mg,45,4 4 4,Mg.pbesol-spnl-rrkjus_psl.1.0.0
Mg_ecut45_k444_Mg.pbe-spnl-kjpaw_psl.1.0.0.in,Mg,45,4 4 4,Mg.pbe-spnl-kjpaw_psl.1.0.0
Mg_ecut45_k444_Mg.pbe-spnl-rrkjus_psl.1.0.0.in,Mg,45,4 4 4,Mg.pbe-spnl-rrkjus_psl.1.0.0
Mg_ecut45_k555_Mg.pbesol-spnl-kjpaw_psl.1.0.0.in,Mg,45,5 5 5,Mg.pbesol-spnl-kjpaw_psl.1.0.0
Mg_ecut45_k555_Mg.pbesol-spnl-rrkjus_psl.1.0.0.in,Mg,45,5 5 5,Mg.pbesol-spnl-rrkjus_psl.1.0.0
Mg_ecut45_k555_Mg.pbe-spnl-kjpaw_psl.1.0.0.in,Mg,45,5 5 5,Mg.pbe-spnl-kjpaw_psl.1.0.0
Mg_ecut45_k555_Mg.pbe-spnl-rrkjus_psl.1.0.0.in,Mg,45,5 5 5,Mg.pbe-spnl-rrkjus_psl.1.0.0
Mg_ecut45_k666_Mg.pbesol-spnl-kjpaw_psl.1.0.0.in,Mg,45,6 6 6,Mg.pbesol-spnl-kjpaw_psl.1.0.0
Mg_ecut45_k666_Mg.pbesol-spnl-rrkjus_psl.1.0.0.in,Mg,45,6 6 6,Mg.pbesol-spnl-rrkjus_psl.1.0.0
Mg_ecut45_k666_Mg.pbe-spnl-kjpaw_psl.1.0.0.in,Mg,45,6 6 6,Mg.pbe-spnl-kjpaw_psl.1.0.0
Mg_ecut45_k666_Mg.pbe-spnl-rrkjus_psl.1.0.0.in,Mg,45,6 6 6,Mg.pbe-spnl-rrkjus_psl.1.0.0
Mg_ecut45_k777_Mg.pbesol-spnl-kjpaw_psl.1.0.0.in,Mg,45,7 7 7,Mg.pbesol-spnl-kjpaw_psl.1.0.0
Mg_ecut45_k777_Mg.pbesol-spnl-rrkjus_psl.1.0.0.in,Mg,45,7 7 7,Mg.pbesol-spnl-rrkjus_psl.1.0.0
Mg_ecut45_k777_Mg.pbe-spnl-kjpaw_psl.1.0.0.in,Mg,45,7 7 7,Mg.pbe-spnl-kjpaw_psl.1.0.0
Mg_ecut45_k777_Mg.pbe-spnl-rrkjus_psl.1.0.0.in,Mg,45,7 7 7,Mg.pbe-spnl-rrkjus_psl.1.0.0
Mg_ecut45_k888_Mg.pbesol-spnl-kjpaw_psl.1.0.0.in,Mg,45,8 8 8,Mg.pbesol-spnl-kjpaw_psl.1.0.0
Mg_ecut45_k888_Mg.pbesol-spnl-rrkjus_psl.1.0.0.in,Mg,45,8 8 8,Mg.pbesol-spnl-rrkjus_psl.1.0.0
Mg_ecut45_k888_Mg.pbe-spnl-kjpaw_psl.1.0.0.in,Mg,45,8 8 8,Mg.pbe-spnl-kjpaw_psl.1.0.0
Mg_ecut45_k888_Mg.pbe-spnl-rrkjus_psl.1.0.0.in,Mg,45,8 8 8,Mg.pbe-spnl-rrkjus_psl.1.0.0
Mg_ecut45_k999_Mg.pbesol-spnl-kjpaw_psl.1.0.0.in,Mg,45,9 9 9,Mg.pbesol-spnl-kjpaw_psl.1.0.0
Mg_ecut45_k999_Mg.pbesol-spnl-rrkjus_psl.1.0.0.in,Mg,45,9 9 9,Mg.pbesol-spnl-rrkjus_psl.1.0.0
Mg_ecut45_k999_Mg.pbe-spnl-kjpaw_psl.1.0.0.in,Mg,45,9 9 9,Mg.pbe-spnl-kjpaw_psl.1.0.0
Mg_ecut45_k999_Mg.pbe-spnl-rrkjus_psl.1.0.0.in,Mg,45,9 9 9,Mg.pbe-spnl-rrkjus_psl.1.0.0
Mg_ecut45_k101010_Mg.pbesol-spnl-kjpaw_psl.1.0.0.in,Mg,45,10 10 10,Mg.pbesol-spnl-kjpaw_psl.1.0.0
Mg_ecut45_k101010_Mg.pbesol-spnl-rrkjus_psl.1.0.0.in,Mg,45,10 10 10,Mg.pbesol-spnl-rrkjus_psl.1.0.0
Mg_ecut45_k101010_Mg.pbe-spnl-kjpaw_psl.1.0.0.in,Mg,45,10 10 10,Mg.pbe-spnl-kjpaw_psl.1.0.0
Mg_ecut45_k101010_Mg.pbe-spnl-rrkjus_psl.1.0.0.in,Mg,45,10 10 10,Mg.pbe-spnl-rrkjus_psl.1.0.0
Mg_ecut45_k111111_Mg.pbesol-spnl-kjpaw_psl.1.0.0.in,Mg,45,11 11 11,Mg.pbesol-spnl-kjpaw_psl.1.0.0
Mg_ecut45_k111111_Mg.pbesol-spnl-rrkjus_psl.1.0.0.in,Mg,45,11 11 11,Mg.pbesol-spnl-rrkjus_psl.1.0.0
Mg_ecut45_k111111_Mg.pbe-spnl-kjpaw_psl.1.0.0.in,Mg,45,11 11 11,Mg.pbe-spnl-kjpaw_psl.1.0.0
Mg_ecut45_k111111_Mg.pbe-spnl-rrkjus_psl.1.0.0.in,Mg,45,11 11 11,Mg.pbe-spnl-rrkjus_psl.1.0.0
Mg_ecut50_k111_Mg.pbesol-spnl-kjpaw_psl.1.0.0.in,Mg,50,1 1 1,Mg.pbesol-spnl-kjpaw_psl.1.0.0
Mg_ecut50_k111_Mg.pbesol-spnl-rrkjus_psl.1.0.0.in,Mg,50,1 1 1,Mg.pbesol-spnl-rrkjus_psl.1.0.0
Mg_ecut50_k111_Mg.pbe-spnl-kjpaw_psl.1.0.0.in,Mg,50,1 1 1,Mg.pbe-spnl-kjpaw_psl.1.0.0
Mg_ecut50_k111_Mg.pbe-spnl-rrkjus_psl.1.0.0.in,Mg,50,1 1 1,Mg.pbe-spnl-rrkjus_psl.1.0.0
Mg_ecut50_k222_Mg.pbesol-spnl-kjpaw_psl.1.0.0.in,Mg,50,2 2 2,Mg.pbesol-spnl-kjpaw_psl.1.0.0
Mg_ecut50_k222_Mg.pbesol-spnl-rrkjus_psl.1.0.0.in,Mg,50,2 2 2,Mg.pbesol-spnl-rrkjus_psl.1.0.0
Mg_ecut50_k222_Mg.pbe-spnl-kjpaw_psl.1.0.0.in,Mg,50,2 2 2,Mg.pbe-spnl-kjpaw_psl.1.0.0
Mg_ecut50_k222_Mg.pbe-spnl-rrkjus_psl.1.0.0.in,Mg,50,2 2 2,Mg.pbe-spnl-rrkjus_psl.1.0.0
Mg_ecut50_k333_Mg.pbesol-spnl-kjpaw_psl.1.0.0.in,Mg,50,3 3 3,Mg.pbesol-spnl-kjpaw_psl.1.0.0
Mg_ecut50_k333_Mg.pbesol-spnl-rrkjus_psl.1.0.0.in,Mg,50,3 3 3,Mg.pbesol-spnl-rrkjus_psl.1.0.0
Mg_ecut50_k333_Mg.pbe-spnl-kjpaw_psl.1.0.0.in,Mg,50,3 3 3,Mg.pbe-spnl-kjpaw_psl.1.0.0
Mg_ecut50_k333_Mg.pbe-spnl-rrkjus_psl.1.0.0.in,Mg,50,3 3 3,Mg.pbe-spnl-rrkjus_psl.1.0.0
Mg_ecut50_k444_Mg.pbesol-spnl-kjpaw_psl.1.0.0.in,Mg,50,4 4 4,Mg.pbesol-spnl-kjpaw_psl.1.0.0
Mg_ecut50_k444_Mg.pbesol-spnl-rrkjus_psl.1.0.0.in,Mg,50,4 4 4,Mg.pbesol-spnl-rrkjus_psl.1.0.0
Mg_ecut50_k444_Mg.pbe-spnl-kjpaw_psl.1.0.0.in,Mg,50,4 4 4,Mg.pbe-spnl-kjpaw_psl.1.0.0
Mg_ecut50_k444_Mg.pbe-spnl-rrkjus_psl.1.0.0.in,Mg,50,4 4 4,Mg.pbe-spnl-rrkjus_psl.1.0.0
Mg_ecut50_k555_Mg.pbesol-spnl-kjpaw_psl.1.0.0.in,Mg,50,5 5 5,Mg.pbesol-spnl-kjpaw_psl.1.0.0
Mg_ecut50_k555_Mg.pbesol-spnl-rrkjus_psl.1.0.0.in,Mg,50,5 5 5,Mg.pbesol-spnl-rrkjus_psl.1.0.0
Mg_ecut50_k555_Mg.pbe-spnl-kjpaw_psl.1.0.0.in,Mg,50,5 5 5,Mg.pbe-spnl-kjpaw_psl.1.0.0
Mg_ecut50_k555_Mg.pbe-spnl-rrkjus_psl.1.0.0.in,Mg,50,5 5 5,Mg.pbe-spnl-rrkjus_psl.1.0.0
Mg_ecut50_k666_Mg.pbesol-spnl-kjpaw_psl.1.0.0.in,Mg,50,6 6 6,Mg.pbesol-spnl-kjpaw_psl.1.0.0
Mg_ecut50_k666_Mg.pbesol-spnl-rrkjus_psl.1.0.0.in,Mg,50,6 6 6,Mg.pbesol-spnl-rrkjus_psl.1.0.0
Mg_ecut50_k666_Mg.pbe-spnl-kjpaw_psl.1.0.0.in,Mg,50,6 6 6,Mg.pbe-spnl-kjpaw_psl.1.0.0
Mg_ecut50_k666_Mg.pbe-spnl-rrkjus_psl.1.0.0.in,Mg,50,6 6 6,Mg.pbe-spnl-rrkjus_psl.1.0.0
Mg_ecut50_k777_Mg.pbesol-spnl-kjpaw_psl.1.0.0.in,Mg,50,7 7 7,Mg.pbesol-spnl-kjpaw_psl.1.0.0
Mg_ecut50_k777_Mg.pbesol-spnl-rrkjus_psl.1.0.0.in,Mg,50,7 7 7,Mg.pbesol-spnl-rrkjus_psl.1.0.0
Mg_ecut50_k777_Mg.pbe-spnl-kjpaw_psl.1.0.0.in,Mg,50,7 7 7,Mg.pbe-spnl-kjpaw_psl.1.0.0
Mg_ecut50_k777_Mg.pbe-spnl-rrkjus_psl.1.0.0.in,Mg,50,7 7 7,Mg.pbe-spnl-rrkjus_psl.1.0.0
Mg_ecut50_k888_Mg.pbesol-spnl-kjpaw_psl.1.0.0.in,Mg,50,8 8 8,Mg.pbesol-spnl-kjpaw_psl.1.0.0
Mg_ecut50_k888_Mg.pbesol-spnl-rrkjus_psl.1.0.0.in,Mg,50,8 8 8,Mg.pbesol-spnl-rrkjus_psl.1.0.0
Mg_ecut50_k888_Mg.pbe-spnl-kjpaw_psl.1.0.0.in,Mg,50,8 8 8,Mg.pbe-spnl-kjpaw_psl.1.0.0
Mg_ecut50_k888_Mg.pbe-spnl-rrkjus_psl.1.0.0.in,Mg,50,8 8 8,Mg.pbe-spnl-rrkjus_psl.1.0.0
Mg_ecut50_k999_Mg.pbesol-spnl-kjpaw_psl.1.0.0.in,Mg,50,9 9 9,Mg.pbesol-spnl-kjpaw_psl.1.0.0
Mg_ecut50_k999_Mg.pbesol-spnl-rrkjus_psl.1.0.0.in,Mg,50,9 9 9,Mg.pbesol-spnl-rrkjus_psl.1.0.0
Mg_ecut50_k999_Mg.pbe-spnl-kjpaw_psl.1.0.0.in,Mg,50,9 9 9,Mg.pbe-spnl-kjpaw_psl.1.0.0
Mg_ecut50_k999_Mg.pbe-spnl-rrkjus_psl.1.0.0.in,Mg,50,9 9 9,Mg.pbe-spnl-rrkjus_psl.1.0.0
Mg_ecut50_k101010_Mg.pbesol-spnl-kjpaw_psl.1.0.0.in,Mg,50,10 10 10,Mg.pbesol-spnl-kjpaw_psl.1.0.0
Mg_ecut50_k101010_Mg.pbesol-spnl-rrkjus_psl.1.0.0.in,Mg,50,10 10 10,Mg.pbesol-spnl-rrkjus_psl.1.0.0
Mg_ecut50_k101010_Mg.pbe-spnl-kjpaw_psl.1.0.0.in,Mg,50,10 10 10,Mg.pbe-spnl-kjpaw_psl.1.0.0
Mg_ecut50_k101010_Mg.pbe-spnl-rrkjus_psl.1.0.0.in,Mg,50,10 10 10,Mg.pbe-spnl-rrkjus_psl.1.0.0
Mg_ecut50_k111111_Mg.pbesol-spnl-kjpaw_psl.1.0.0.in,Mg,50,11 11 11,Mg.pbesol-spnl-kjpaw_psl.1.0.0
Mg_ecut50_k111111_Mg.pbesol-spnl-rrkjus_psl.1.0.0.in,Mg,50,11 11 11,Mg.pbesol-spnl-rrkjus_psl.1.0.0
Mg_ecut50_k111111_Mg.pbe-spnl-kjpaw_psl.1.0.0.in,Mg,50,11 11 11,Mg.pbe-spnl-kjpaw_psl.1.0.0
Mg_ecut50_k111111_Mg.pbe-spnl-rrkjus_psl.1.0.0.in,Mg,50,11 11 11,Mg.pbe-spnl-rrkjus_psl.1.0.0
Mg_ecut55_k111_Mg.pbesol-spnl-kjpaw_psl.1.0.0.in,Mg,55,1 1 1,Mg.pbesol-spnl-kjpaw_psl.1.0.0
Mg_ecut55_k111_Mg.pbesol-spnl-rrkjus_psl.1.0.0.in,Mg,55,1 1 1,Mg.pbesol-spnl-rrkjus_psl.1.0.0
Mg_ecut55_k111_Mg.pbe-spnl-kjpaw_psl.1.0.0.in,Mg,55,1 1 1,Mg.pbe-spnl-kjpaw_psl.1.0.0
Mg_ecut55_k111_Mg.pbe-spnl-rrkjus_psl.1.0.0.in,Mg,55,1 1 1,Mg.pbe-spnl-rrkjus_psl.1.0.0
Mg_ecut55_k222_Mg.pbesol-spnl-kjpaw_psl.1.0.0.in,Mg,55,2 2 2,Mg.pbesol-spnl-kjpaw_psl.1.0.0
Mg_ecut55_k222_Mg.pbesol-spnl-rrkjus_psl.1.0.0.in,Mg,55,2 2 2,Mg.pbesol-spnl-rrkjus_psl.1.0.0
Mg_ecut55_k222_Mg.pbe-spnl-kjpaw_psl.1.0.0.in,Mg,55,2 2 2,Mg.pbe-spnl-kjpaw_psl.1.0.0
Mg_ecut55_k222_Mg.pbe-spnl-rrkjus_psl.1.0.0.in,Mg,55,2 2 2,Mg.pbe-spnl-rrkjus_psl.1.0.0
Mg_ecut55_k333_Mg.pbesol-spnl-kjpaw_psl.1.0.0.in,Mg,55,3 3 3,Mg.pbesol-spnl-kjpaw_psl.1.0.0
Mg_ecut55_k333_Mg.pbesol-spnl-rrkjus_psl.1.0.0.in,Mg,55,3 3 3,Mg.pbesol-spnl-rrkjus_psl.1.0.0
Mg_ecut55_k333_Mg.pbe-spnl-kjpaw_psl.1.0.0.in,Mg,55,3 3 3,Mg.pbe-spnl-kjpaw_psl.1.0.0
Mg_ecut55_k333_Mg.pbe-spnl-rrkjus_psl.1.0.0.in,Mg,55,3 3 3,Mg.pbe-spnl-rrkjus_psl.1.0.0
Mg_ecut55_k444_Mg.pbesol-spnl-kjpaw_psl.1.0.0.in,Mg,55,4 4 4,Mg.pbesol-spnl-kjpaw_psl.1.0.0
Mg_ecut55_k444_Mg.pbesol-spnl-rrkjus_psl.1.0.0.in,Mg,55,4 4 4,Mg.pbesol-spnl-rrkjus_psl.1.0.0
Mg_ecut55_k444_Mg.pbe-spnl-kjpaw_psl.1.0.0.in,Mg,55,4 4 4,Mg.pbe-spnl-kjpaw_psl.1.0.0
Mg_ecut55_k444_Mg.pbe-spnl-rrkjus_psl.1.0.0.in,Mg,55,4 4 4,Mg.pbe-spnl-rrkjus_psl.1.0.0
Mg_ecut55_k555_Mg.pbesol-spnl-kjpaw_psl.1.0.0.in,Mg,55,5 5 5,Mg.pbesol-spnl-kjpaw_psl.1.0.0
Mg_ecut55_k555_Mg.pbesol-spnl-rrkjus_psl.1.0.0.in,Mg,55,5 5 5,Mg.pbesol-spnl-rrkjus_psl.1.0.0
Mg_ecut55_k555_Mg.pbe-spnl-kjpaw_psl.1.0.0.in,Mg,55,5 5 5,Mg.pbe-spnl-kjpaw_psl.1.0.0
Mg_ecut55_k555_Mg.pbe-spnl-rrkjus_psl.1.0.0.in,Mg,55,5 5 5,Mg.pbe-spnl-rrkjus_psl.1.0.0
Mg_ecut55_k666_Mg.pbesol-spnl-kjpaw_psl.1.0.0.in,Mg,55,6 6 6,Mg.pbesol-spnl-kjpaw_psl.1.0.0
Mg_ecut55_k666_Mg.pbesol-spnl-rrkjus_psl.1.0.0.in,Mg,55,6 6 6,Mg.pbesol-spnl-rrkjus_psl.1.0.0
Mg_ecut55_k666_Mg.pbe-spnl-kjpaw_psl.1.0.0.in,Mg,55,6 6 6,Mg.pbe-spnl-kjpaw_psl.1.0.0
Mg_ecut55_k666_Mg.pbe-spnl-rrkjus_psl.1.0.0.in,Mg,55,6 6 6,Mg.pbe-spnl-rrkjus_psl.1.0.0
Mg_ecut55_k777_Mg.pbesol-spnl-kjpaw_psl.1.0.0.in,Mg,55,7 7 7,Mg.pbesol-spnl-kjpaw_psl.1.0.0
Mg_ecut55_k777_Mg.pbesol-spnl-rrkjus_psl.1.0.0.in,Mg,55,7 7 7,Mg.pbesol-spnl-rrkjus_psl.1.0.0
Mg_ecut55_k777_Mg.pbe-spnl-kjpaw_psl.1.0.0.in,Mg,55,7 7 7,Mg.pbe-spnl-kjpaw_psl.1.0.0
Mg_ecut55_k777_Mg.pbe-spnl-rrkjus_psl.1.0.0.in,Mg,55,7 7 7,Mg.pbe-spnl-rrkjus_psl.1.0.0
Mg_ecut55_k888_Mg.pbesol-spnl-kjpaw_psl.1.0.0.in,Mg,55,8 8 8,Mg.pbesol-spnl-kjpaw_psl.1.0.0
Mg_ecut55_k888_Mg.pbesol-spnl-rrkjus_psl.1.0.0.in,Mg,55,8 8 8,Mg.pbesol-spnl-rrkjus_psl.1.0.0
Mg_ecut55_k888_Mg.pbe-spnl-kjpaw_psl.1.0.0.in,Mg,55,8 8 8,Mg.pbe-spnl-kjpaw_psl.1.0.0
Mg_ecut55_k888_Mg.pbe-spnl-rrkjus_psl.1.0.0.in,Mg,55,8 8 8,Mg.pbe-spnl-rrkjus_psl.1.0.0
Mg_ecut55_k999_Mg.pbesol-spnl-kjpaw_psl.1.0.0.in,Mg,55,9 9 9,Mg.pbesol-spnl-kjpaw_psl.1.0.0
Mg_ecut55_k999_Mg.pbesol-spnl-rrkjus_psl.1.0.0.in,Mg,55,9 9 9,Mg.pbesol-spnl-rrkjus_psl.1.0.0
Mg_ecut55_k999_Mg.pbe-spnl-kjpaw_psl.1.0.0.in,Mg,55,9 9 9,Mg.pbe-spnl-kjpaw_psl.1.0.0
Mg_ecut55_k999_Mg.pbe-spnl-rrkjus_psl.1.0.0.in,Mg,55,9 9 9,Mg.pbe-spnl-rrkjus_psl.1.0.0
Mg_ecut55_k101010_Mg.pbesol-spnl-kjpaw_psl.1.0.0.in,Mg,55,10 10 10,Mg.pbesol-spnl-kjpaw_psl.1.0.0
Mg_ecut55_k101010_Mg.pbesol-spnl-rrkjus_psl.1.0.0.in,Mg,55,10 10 10,Mg.pbesol-spnl-rrkjus_psl.1.0.0
Mg_ecut55_k101010_Mg.pbe-spnl-kjpaw_psl.1.0.0.in,Mg,55,10 10 10,Mg.pbe-spnl-kjpaw_psl.1.0.0
Mg_ecut55_k101010_Mg.pbe-spnl-rrkjus_psl.1.0.0.in,Mg,55,10 10 10,Mg.pbe-spnl-rrkjus_psl.1.0.0
Mg_ecut55_k111111_Mg.pbesol-spnl-kjpaw_psl.1.0.0.in,Mg,55,11 11 11,Mg.pbesol-spnl-kjpaw_psl.1.0.0
Mg_ecut55_k111111_Mg.pbesol-spnl-rrkjus_psl.1.0.0.in,Mg,55,11 11 11,Mg.pbesol-spnl-rrkjus_psl.1.0.0
Mg_ecut55_k111111_Mg.pbe-spnl-kjpaw_psl.1.0.0.in,Mg,55,11 11 11,Mg.pbe-spnl-kjpaw_psl.1.0.0
Mg_ecut55_k111111_Mg.pbe-spnl-rrkjus_psl.1.0.0.in,Mg,55,11 11 11,Mg.pbe-spnl-rrkjus_psl.1.0.0
Mg_ecut60_k111_Mg.pbesol-spnl-kjpaw_psl.1.0.0.in,Mg,60,1 1 1,Mg.pbesol-spnl-kjpaw_psl.1.0.0
Mg_ecut60_k111_Mg.pbesol-spnl-rrkjus_psl.1.0.0.in,Mg,60,1 1 1,Mg.pbesol-spnl-rrkjus_psl.1.0.0
Mg_ecut60_k111_Mg.pbe-spnl-kjpaw_psl.1.0.0.in,Mg,60,1 1 1,Mg.pbe-spnl-kjpaw_psl.1.0.0
Mg_ecut60_k111_Mg.pbe-spnl-rrkjus_psl.1.0.0.in,Mg,60,1 1 1,Mg.pbe-spnl-rrkjus_psl.1.0.0
Mg_ecut60_k222_Mg.pbesol-spnl-kjpaw_psl.1.0.0.in,Mg,60,2 2 2,Mg.pbesol-spnl-kjpaw_psl.1.0.0
Mg_ecut60_k222_Mg.pbesol-spnl-rrkjus_psl.1.0.0.in,Mg,60,2 2 2,Mg.pbesol-spnl-rrkjus_psl.1.0.0
Mg_ecut60_k222_Mg.pbe-spnl-kjpaw_psl.1.0.0.in,Mg,60,2 2 2,Mg.pbe-spnl-kjpaw_psl.1.0.0
Mg_ecut60_k222_Mg.pbe-spnl-rrkjus_psl.1.0.0.in,Mg,60,2 2 2,Mg.pbe-spnl-rrkjus_psl.1.0.0
Mg_ecut60_k333_Mg.pbesol-spnl-kjpaw_psl.1.0.0.in,Mg,60,3 3 3,Mg.pbesol-spnl-kjpaw_psl.1.0.0
Mg_ecut60_k333_Mg.pbesol-spnl-rrkjus_psl.1.0.0.in,Mg,60,3 3 3,Mg.pbesol-spnl-rrkjus_psl.1.0.0
Mg_ecut60_k333_Mg.pbe-spnl-kjpaw_psl.1.0.0.in,Mg,60,3 3 3,Mg.pbe-spnl-kjpaw_psl.1.0.0
Mg_ecut60_k333_Mg.pbe-spnl-rrkjus_psl.1.0.0.in,Mg,60,3 3 3,Mg.pbe-spnl-rrkjus_psl.1.0.0
Mg_ecut60_k444_Mg.pbesol-spnl-kjpaw_psl.1.0.0.in,Mg,60,4 4 4,Mg.pbesol-spnl-kjpaw_psl.1.0.0
Mg_ecut60_k444_Mg.pbesol-spnl-rrkjus_psl.1.0.0.in,Mg,60,4 4 4,Mg.pbesol-spnl-rrkjus_psl.1.0.0
Mg_ecut60_k444_Mg.pbe-spnl-kjpaw_psl.1.0.0.in,Mg,60,4 4 4,Mg.pbe-spnl-kjpaw_psl.1.0.0
Mg_ecut60_k444_Mg.pbe-spnl-rrkjus_psl.1.0.0.in,Mg,60,4 4 4,Mg.pbe-spnl-rrkjus_psl.1.0.0
Mg_ecut60_k555_Mg.pbesol-spnl-kjpaw_psl.1.0.0.in,Mg,60,5 5 5,Mg.pbesol-spnl-kjpaw_psl.1.0.0
Mg_ecut60_k555_Mg.pbesol-spnl-rrkjus_psl.1.0.0.in,Mg,60,5 5 5,Mg.pbesol-spnl-rrkjus_psl.1.0.0
Mg_ecut60_k555_Mg.pbe-spnl-kjpaw_psl.1.0.0.in,Mg,60,5 5 5,Mg.pbe-spnl-kjpaw_psl.1.0.0
Mg_ecut60_k555_Mg.pbe-spnl-rrkjus_psl.1.0.0.in,Mg,60,5 5 5,Mg.pbe-spnl-rrkjus_psl.1.0.0
Mg_ecut60_k666_Mg.pbesol-spnl-kjpaw_psl.1.0.0.in,Mg,60,6 6 6,Mg.pbesol-spnl-kjpaw_psl.1.0.0
Mg_ecut60_k666_Mg.pbesol-spnl-rrkjus_psl.1.0.0.in,Mg,60,6 6 6,Mg.pbesol-spnl-rrkjus_psl.1.0.0
Mg_ecut60_k666_Mg.pbe-spnl-kjpaw_psl.1.0.0.in,Mg,60,6 6 6,Mg.pbe-spnl-kjpaw_psl.1.0.0
Mg_ecut60_k666_Mg.pbe-spnl-rrkjus_psl.1.0.0.in,Mg,60,6 6 6,Mg.pbe-spnl-rrkjus_psl.1.0.0
Mg_ecut60_k777_Mg.pbesol-spnl-kjpaw_psl.1.0.0.in,Mg,60,7 7 7,Mg.pbesol-spnl-kjpaw_psl.1.0.0
Mg_ecut60_k777_Mg.pbesol-spnl-rrkjus_psl.1.0.0.in,Mg,60,7 7 7,Mg.pbesol-spnl-rrkjus_psl.1.0.0
Mg_ecut60_k777_Mg.pbe-spnl-kjpaw_psl.1.0.0.in,Mg,60,7 7 7,Mg.pbe-spnl-kjpaw_psl.1.0.0
Mg_ecut60_k777_Mg.pbe-spnl-rrkjus_psl.1.0.0.in,Mg,60,7 7 7,Mg.pbe-spnl-rrkjus_psl.1.0.0
Mg_ecut60_k888_Mg.pbesol-spnl-kjpaw_psl.1.0.0.in,Mg,60,8 8 8,Mg.pbesol-spnl-kjpaw_psl.1.0.0
Mg_ecut60_k888_Mg.pbesol-spnl-rrkjus_psl.1.0.0.in,Mg,60,8 8 8,Mg.pbesol-spnl-rrkjus_psl.1.0.0
Mg_ecut60_k888_Mg.pbe-spnl-kjpaw_psl.1.0.0.in,Mg,60,8 8 8,Mg.pbe-spnl-kjpaw_psl.1.0.0
Mg_ecut60_k888_Mg.pbe-spnl-rrkjus_psl.1.0.0.in,Mg,60,8 8 8,Mg.pbe-spnl-rrkjus_psl.1.0.0
Mg_ecut60_k999_Mg.pbesol-spnl-kjpaw_psl.1.0.0.in,Mg,60,9 9 9,Mg.pbesol-spnl-kjpaw_psl.1.0.0
Mg_ecut60_k999_Mg.pbesol-spnl-rrkjus_psl.1.0.0.in,Mg,60,9 9 9,Mg.pbesol-spnl-rrkjus_psl.1.0.0
Mg_ecut60_k999_Mg.pbe-spnl-kjpaw_psl.1.0.0.in,Mg,60,9 9 9,Mg.pbe-spnl-kjpaw_psl.1.0.0
Mg_ecut60_k999_Mg.pbe-spnl-rrkjus_psl.1.0.0.in,Mg,60,9 9 9,Mg.pbe-spnl-rrkjus_psl.1.0.0
Mg_ecut60_k101010_Mg.pbesol-spnl-kjpaw_psl.1.0.0.in,Mg,60,10 10 10,Mg.pbesol-spnl-kjpaw_psl.1.0.0
Mg_ecut60_k101010_Mg.pbesol-spnl-rrkjus_psl.1.0.0.in,Mg,60,10 10 10,Mg.pbesol-spnl-rrkjus_psl.1.0.0
Mg_ecut60_k101010_Mg.pbe-spnl-kjpaw_psl.1.0.0.in,Mg,60,10 10 10,Mg.pbe-spnl-kjpaw_psl.1.0.0
Mg_ecut60_k101010_Mg.pbe-spnl-rrkjus_psl.1.0.0.in,Mg,60,10 10 10,Mg.pbe-spnl-rrkjus_psl.1.0.0
Mg_ecut60_k111111_Mg.pbesol-spnl-kjpaw_psl.1.0.0.in,Mg,60,11 11 11,Mg.pbesol-spnl-kjpaw_psl.1.0.0
Mg_ecut60_k111111_Mg.pbesol-spnl-rrkjus_psl.1.0.0.in,Mg,60,11 11 11,Mg.pbesol-spnl-rrkjus_psl.1.0.0
Mg_ecut60_k111111_Mg.pbe-spnl-kjpaw_psl.1.0.0.in,Mg,60,11 11 11,Mg.pbe-spnl-kjpaw_psl.1.0.0
Mg_ecut60_k111111_Mg.pbe-spnl-rrkjus_psl.1.0.0.in,Mg,60,11 11 11,Mg.pbe-spnl-rrkjus_psl.1.0.0
Mg_ecut65_k111_Mg.pbesol-spnl-kjpaw_psl.1.0.0.in,Mg,65,1 1 1,Mg.pbesol-spnl-kjpaw_psl.1.0.0
Mg_ecut65_k111_Mg.pbesol-spnl-rrkjus_psl.1.0.0.in,Mg,65,1 1 1,Mg.pbesol-spnl-rrkjus_psl.1.0.0
Mg_ecut65_k111_Mg.pbe-spnl-kjpaw_psl.1.0.0.in,Mg,65,1 1 1,Mg.pbe-spnl-kjpaw_psl.1.0.0
Mg_ecut65_k111_Mg.pbe-spnl-rrkjus_psl.1.0.0.in,Mg,65,1 1 1,Mg.pbe-spnl-rrkjus_psl.1.0.0
Mg_ecut65_k222_Mg.pbesol-spnl-kjpaw_psl.1.0.0.in,Mg,65,2 2 2,Mg.pbesol-spnl-kjpaw_psl.1.0.0
Mg_ecut65_k222_Mg.pbesol-spnl-rrkjus_psl.1.0.0.in,Mg,65,2 2 2,Mg.pbesol-spnl-rrkjus_psl.1.0.0
Mg_ecut65_k222_Mg.pbe-spnl-kjpaw_psl.1.0.0.in,Mg,65,2 2 2,Mg.pbe-spnl-kjpaw_psl.1.0.0
Mg_ecut65_k222_Mg.pbe-spnl-rrkjus_psl.1.0.0.in,Mg,65,2 2 2,Mg.pbe-spnl-rrkjus_psl.1.0.0
Mg_ecut65_k333_Mg.pbesol-spnl-kjpaw_psl.1.0.0.in,Mg,65,3 3 3,Mg.pbesol-spnl-kjpaw_psl.1.0.0
Mg_ecut65_k333_Mg.pbesol-spnl-rrkjus_psl.1.0.0.in,Mg,65,3 3 3,Mg.pbesol-spnl-rrkjus_psl.1.0.0
Mg_ecut65_k333_Mg.pbe-spnl-kjpaw_psl.1.0.0.in,Mg,65,3 3 3,Mg.pbe-spnl-kjpaw_psl.1.0.0
Mg_ecut65_k333_Mg.pbe-spnl-rrkjus_psl.1.0.0.in,Mg,65,3 3 3,Mg.pbe-spnl-rrkjus_psl.1.0.0
Mg_ecut65_k444_Mg.pbesol-spnl-kjpaw_psl.1.0.0.in,Mg,65,4 4 4,Mg.pbesol-spnl-kjpaw_psl.1.0.0
Mg_ecut65_k444_Mg.pbesol-spnl-rrkjus_psl.1.0.0.in,Mg,65,4 4 4,Mg.pbesol-spnl-rrkjus_psl.1.0.0
Mg_ecut65_k444_Mg.pbe-spnl-kjpaw_psl.1.0.0.in,Mg,65,4 4 4,Mg.pbe-spnl-kjpaw_psl.1.0.0
Mg_ecut65_k444_Mg.pbe-spnl-rrkjus_psl.1.0.0.in,Mg,65,4 4 4,Mg.pbe-spnl-rrkjus_psl.1.0.0
Mg_ecut65_k555_Mg.pbesol-spnl-kjpaw_psl.1.0.0.in,Mg,65,5 5 5,Mg.pbesol-spnl-kjpaw_psl.1.0.0
Mg_ecut65_k555_Mg.pbesol-spnl-rrkjus_psl.1.0.0.in,Mg,65,5 5 5,Mg.pbesol-spnl-rrkjus_psl.1.0.0
Mg_ecut65_k555_Mg.pbe-spnl-kjpaw_psl.1.0.0.in,Mg,65,5 5 5,Mg.pbe-spnl-kjpaw_psl.1.0.0
Mg_ecut65_k555_Mg.pbe-spnl-rrkjus_psl.1.0.0.in,Mg,65,5 5 5,Mg.pbe-spnl-rrkjus_psl.1.0.0
Mg_ecut65_k666_Mg.pbesol-spnl-kjpaw_psl.1.0.0.in,Mg,65,6 6 6,Mg.pbesol-spnl-kjpaw_psl.1.0.0
Mg_ecut65_k666_Mg.pbesol-spnl-rrkjus_psl.1.0.0.in,Mg,65,6 6 6,Mg.pbesol-spnl-rrkjus_psl.1.0.0
Mg_ecut65_k666_Mg.pbe-spnl-kjpaw_psl.1.0.0.in,Mg,65,6 6 6,Mg.pbe-spnl-kjpaw_psl.1.0.0
Mg_ecut65_k666_Mg.pbe-spnl-rrkjus_psl.1.0.0.in,Mg,65,6 6 6,Mg.pbe-spnl-rrkjus_psl.1.0.0
Mg_ecut65_k777_Mg.pbesol-spnl-kjpaw_psl.1.0.0.in,Mg,65,7 7 7,Mg.pbesol-spnl-kjpaw_psl.1.0.0
Mg_ecut65_k777_Mg.pbesol-spnl-rrkjus_psl.1.0.0.in,Mg,65,7 7 7,Mg.pbesol-spnl-rrkjus_psl.1.0.0
Mg_ecut65_k777_Mg.pbe-spnl-kjpaw_psl.1.0.0.in,Mg,65,7 7 7,Mg.pbe-spnl-kjpaw_psl.1.0.0
Mg_ecut65_k777_Mg.pbe-spnl-rrkjus_psl.1.0.0.in,Mg,65,7 7 7,Mg.pbe-spnl-rrkjus_psl.1.0.0
Mg_ecut65_k888_Mg.pbesol-spnl-kjpaw_psl.1.0.0.in,Mg,65,8 8 8,Mg.pbesol-spnl-kjpaw_psl.1.0.0
Mg_ecut65_k888_Mg.pbesol-spnl-rrkjus_psl.1.0.0.in,Mg,65,8 8 8,Mg.pbesol-spnl-rrkjus_psl.1.0.0
Mg_ecut65_k888_Mg.pbe-spnl-kjpaw_psl.1.0.0.in,Mg,65,8 8 8,Mg.pbe-spnl-kjpaw_psl.1.0.0
Mg_ecut65_k888_Mg.pbe-spnl-rrkjus_psl.1.0.0.in,Mg,65,8 8 8,Mg.pbe-spnl-rrkjus_psl.1.0.0
Mg_ecut65_k999_Mg.pbesol-spnl-kjpaw_psl.1.0.0.in,Mg,65,9 9 9,Mg.pbesol-spnl-kjpaw_psl.1.0.0
Mg_ecut65_k999_Mg.pbesol-spnl-rrkjus_psl.1.0.0.in,Mg,65,9 9 9,Mg.pbesol-spnl-rrkjus_psl.1.0.0
Mg_ecut65_k999_Mg.pbe-spnl-kjpaw_psl.1.0.0.in,Mg,65,9 9 9,Mg.pbe-spnl-kjpaw_psl.1.0.0
Mg_ecut65_k999_Mg.pbe-spnl-rrkjus_psl.1.0.0.in,Mg,65,9 9 9,Mg.pbe-spnl-rrkjus_psl.1.0.0
Mg_ecut65_k101010_Mg.pbesol-spnl-kjpaw_psl.1.0.0.in,Mg,65,10 10 10,Mg.pbesol-spnl-kjpaw_psl.1.0.0
Mg_ecut65_k101010_Mg.pbesol-spnl-rrkjus_psl.1.0.0.in,Mg,65,10 10 10,Mg.pbesol-spnl-rrkjus_psl.1.0.0
Mg_ecut65_k101010_Mg.pbe-spnl-kjpaw_psl.1.0.0.in,Mg,65,10 10 10,Mg.pbe-spnl-kjpaw_psl.1.0.0
Mg_ecut65_k101010_Mg.pbe-spnl-rrkjus_psl.1.0.0.in,Mg,65,10 10 10,Mg.pbe-spnl-rrkjus_psl.1.0.0
Mg_ecut65_k111111_Mg.pbesol-spnl-kjpaw_psl.1.0.0.in,Mg,65,11 11 11,Mg.pbesol-spnl-kjpaw_psl.1.0.0
Mg_ecut65_k111111_Mg.pbesol-spnl-rrkjus_psl.1.0.0.in,Mg,65,11 11 11,Mg.pbesol-spnl-rrkjus_psl.1.0.0
Mg_ecut65_k111111_Mg.pbe-spnl-kjpaw_psl.1.0.0.in,Mg,65,11 11 11,Mg.pbe-spnl-kjpaw_psl.1.0.0
Mg_ecut65_k111111_Mg.pbe-spnl-rrkjus_psl.1.0.0.in,Mg,65,11 11 11,Mg.pbe-spnl-rrkjus_psl.1.0.0
Mg_ecut70_k111_Mg.pbesol-spnl-kjpaw_psl.1.0.0.in,Mg,70,1 1 1,Mg.pbesol-spnl-kjpaw_psl.1.0.0
Mg_ecut70_k111_Mg.pbesol-spnl-rrkjus_psl.1.0.0.in,Mg,70,1 1 1,Mg.pbesol-spnl-rrkjus_psl.1.0.0
Mg_ecut70_k111_Mg.pbe-spnl-kjpaw_psl.1.0.0.in,Mg,70,1 1 1,Mg.pbe-spnl-kjpaw_psl.1.0.0
Mg_ecut70_k111_Mg.pbe-spnl-rrkjus_psl.1.0.0.in,Mg,70,1 1 1,Mg.pbe-spnl-rrkjus_psl.1.0.0
Mg_ecut70_k222_Mg.pbesol-spnl-kjpaw_psl.1.0.0.in,Mg,70,2 2 2,Mg.pbesol-spnl-kjpaw_psl.1.0.0
Mg_ecut70_k222_Mg.pbesol-spnl-rrkjus_psl.1.0.0.in,Mg,70,2 2 2,Mg.pbesol-spnl-rrkjus_psl.1.0.0
Mg_ecut70_k222_Mg.pbe-spnl-kjpaw_psl.1.0.0.in,Mg,70,2 2 2,Mg.pbe-spnl-kjpaw_psl.1.0.0
Mg_ecut70_k222_Mg.pbe-spnl-rrkjus_psl.1.0.0.in,Mg,70,2 2 2,Mg.pbe-spnl-rrkjus_psl.1.0.0
Mg_ecut70_k333_Mg.pbesol-spnl-kjpaw_psl.1.0.0.in,Mg,70,3 3 3,Mg.pbesol-spnl-kjpaw_psl.1.0.0
Mg_ecut70_k333_Mg.pbesol-spnl-rrkjus_psl.1.0.0.in,Mg,70,3 3 3,Mg.pbesol-spnl-rrkjus_psl.1.0.0
Mg_ecut70_k333_Mg.pbe-spnl-kjpaw_psl.1.0.0.in,Mg,70,3 3 3,Mg.pbe-spnl-kjpaw_psl.1.0.0
Mg_ecut70_k333_Mg.pbe-spnl-rrkjus_psl.1.0.0.in,Mg,70,3 3 3,Mg.pbe-spnl-rrkjus_psl.1.0.0
Mg_ecut70_k444_Mg.pbesol-spnl-kjpaw_psl.1.0.0.in,Mg,70,4 4 4,Mg.pbesol-spnl-kjpaw_psl.1.0.0
Mg_ecut70_k444_Mg.pbesol-spnl-rrkjus_psl.1.0.0.in,Mg,70,4 4 4,Mg.pbesol-spnl-rrkjus_psl.1.0.0
Mg_ecut70_k444_Mg.pbe-spnl-kjpaw_psl.1.0.0.in,Mg,70,4 4 4,Mg.pbe-spnl-kjpaw_psl.1.0.0
Mg_ecut70_k444_Mg.pbe-spnl-rrkjus_psl.1.0.0.in,Mg,70,4 4 4,Mg.pbe-spnl-rrkjus_psl.1.0.0
Mg_ecut70_k555_Mg.pbesol-spnl-kjpaw_psl.1.0.0.in,Mg,70,5 5 5,Mg.pbesol-spnl-kjpaw_psl.1.0.0
Mg_ecut70_k555_Mg.pbesol-spnl-rrkjus_psl.1.0.0.in,Mg,70,5 5 5,Mg.pbesol-spnl-rrkjus_psl.1.0.0
Mg_ecut70_k555_Mg.pbe-spnl-kjpaw_psl.1.0.0.in,Mg,70,5 5 5,Mg.pbe-spnl-kjpaw_psl.1.0.0
Mg_ecut70_k555_Mg.pbe-spnl-rrkjus_psl.1.0.0.in,Mg,70,5 5 5,Mg.pbe-spnl-rrkjus_psl.1.0.0
Mg_ecut70_k666_Mg.pbesol-spnl-kjpaw_psl.1.0.0.in,Mg,70,6 6 6,Mg.pbesol-spnl-kjpaw_psl.1.0.0
Mg_ecut70_k666_Mg.pbesol-spnl-rrkjus_psl.1.0.0.in,Mg,70,6 6 6,Mg.pbesol-spnl-rrkjus_psl.1.0.0
Mg_ecut70_k666_Mg.pbe-spnl-kjpaw_psl.1.0.0.in,Mg,70,6 6 6,Mg.pbe-spnl-kjpaw_psl.1.0.0
Mg_ecut70_k666_Mg.pbe-spnl-rrkjus_psl.1.0.0.in,Mg,70,6 6 6,Mg.pbe-spnl-rrkjus_psl.1.0.0
Mg_ecut70_k777_Mg.pbesol-spnl-kjpaw_psl.1.0.0.in,Mg,70,7 7 7,Mg.pbesol-spnl-kjpaw_psl.1.0.0
Mg_ecut70_k777_Mg.pbesol-spnl-rrkjus_psl.1.0.0.in,Mg,70,7 7 7,Mg.pbesol-spnl-rrkjus_psl.1.0.0
Mg_ecut70_k777_Mg.pbe-spnl-kjpaw_psl.1.0.0.in,Mg,70,7 7 7,Mg.pbe-spnl-kjpaw_psl.1.0.0
Mg_ecut70_k777_Mg.pbe-spnl-rrkjus_psl.1.0.0.in,Mg,70,7 7 7,Mg.pbe-spnl-rrkjus_psl.1.0.0
Mg_ecut70_k888_Mg.pbesol-spnl-kjpaw_psl.1.0.0.in,Mg,70,8 8 8,Mg.pbesol-spnl-kjpaw_psl.1.0.0
Mg_ecut70_k888_Mg.pbesol-spnl-rrkjus_psl.1.0.0.in,Mg,70,8 8 8,Mg.pbesol-spnl-rrkjus_psl.1.0.0
Mg_ecut70_k888_Mg.pbe-spnl-kjpaw_psl.1.0.0.in,Mg,70,8 8 8,Mg.pbe-spnl-kjpaw_psl.1.0.0
Mg_ecut70_k888_Mg.pbe-spnl-rrkjus_psl.1.0.0.in,Mg,70,8 8 8,Mg.pbe-spnl-rrkjus_psl.1.0.0
Mg_ecut70_k999_Mg.pbesol-spnl-kjpaw_psl.1.0.0.in,Mg,70,9 9 9,Mg.pbesol-spnl-kjpaw_psl.1.0.0
Mg_ecut70_k999_Mg.pbesol-spnl-rrkjus_psl.1.0.0.in,Mg,70,9 9 9,Mg.pbesol-spnl-rrkjus_psl.1.0.0
Mg_ecut70_k999_Mg.pbe-spnl-kjpaw_psl.1.0.0.in,Mg,70,9 9 9,Mg.pbe-spnl-kjpaw_psl.1.0.0
Mg_ecut70_k999_Mg.pbe-spnl-rrkjus_psl.1.0.0.in,Mg,70,9 9 9,Mg.pbe-spnl-rrkjus_psl.1.0.0
Mg_ecut70_k101010_Mg.pbesol-spnl-kjpaw_psl.1.0.0.in,Mg,70,10 10 10,Mg.pbesol-spnl-kjpaw_psl.1.0.0
Mg_ecut70_k101010_Mg.pbesol-spnl-rrkjus_psl.1.0.0.in,Mg,70,10 10 10,Mg.pbesol-spnl-rrkjus_psl.1.0.0
Mg_ecut70_k101010_Mg.pbe-spnl-kjpaw_psl.1.0.0.in,Mg,70,10 10 10,Mg.pbe-spnl-kjpaw_psl.1.0.0
Mg_ecut70_k101010_Mg.pbe-spnl-rrkjus_psl.1.0.0.in,Mg,70,10 10 10,Mg.pbe-spnl-rrkjus_psl.1.0.0
Mg_ecut70_k111111_Mg.pbesol-spnl-kjpaw_psl.1.0.0.in,Mg,70,11 11 11,Mg.pbesol-spnl-kjpaw_psl.1.0.0
Mg_ecut70_k111111_Mg.pbesol-spnl-rrkjus_psl.1.0.0.in,Mg,70,11 11 11,Mg.pbesol-spnl-rrkjus_psl.1.0.0
Mg_ecut70_k111111_Mg.pbe-spnl-kjpaw_psl.1.0.0.in,Mg,70,11 11 11,Mg.pbe-spnl-kjpaw_psl.1.0.0
Mg_ecut70_k111111_Mg.pbe-spnl-rrkjus_psl.1.0.0.in,Mg,70,11 11 11,Mg.pbe-spnl-rrkjus_psl.1.0.0
Mg_ecut75_k111_Mg.pbesol-spnl-kjpaw_psl.1.0.0.in,Mg,75,1 1 1,Mg.pbesol-spnl-kjpaw_psl.1.0.0
Mg_ecut75_k111_Mg.pbesol-spnl-rrkjus_psl.1.0.0.in,Mg,75,1 1 1,Mg.pbesol-spnl-rrkjus_psl.1.0.0
Mg_ecut75_k111_Mg.pbe-spnl-kjpaw_psl.1.0.0.in,Mg,75,1 1 1,Mg.pbe-spnl-kjpaw_psl.1.0.0
Mg_ecut75_k111_Mg.pbe-spnl-rrkjus_psl.1.0.0.in,Mg,75,1 1 1,Mg.pbe-spnl-rrkjus_psl.1.0.0
Mg_ecut75_k222_Mg.pbesol-spnl-kjpaw_psl.1.0.0.in,Mg,75,2 2 2,Mg.pbesol-spnl-kjpaw_psl.1.0.0
Mg_ecut75_k222_Mg.pbesol-spnl-rrkjus_psl.1.0.0.in,Mg,75,2 2 2,Mg.pbesol-spnl-rrkjus_psl.1.0.0
Mg_ecut75_k222_Mg.pbe-spnl-kjpaw_psl.1.0.0.in,Mg,75,2 2 2,Mg.pbe-spnl-kjpaw_psl.1.0.0
Mg_ecut75_k222_Mg.pbe-spnl-rrkjus_psl.1.0.0.in,Mg,75,2 2 2,Mg.pbe-spnl-rrkjus_psl.1.0.0
Mg_ecut75_k333_Mg.pbesol-spnl-kjpaw_psl.1.0.0.in,Mg,75,3 3 3,Mg.pbesol-spnl-kjpaw_psl.1.0.0
Mg_ecut75_k333_Mg.pbesol-spnl-rrkjus_psl.1.0.0.in,Mg,75,3 3 3,Mg.pbesol-spnl-rrkjus_psl.1.0.0
Mg_ecut75_k333_Mg.pbe-spnl-kjpaw_psl.1.0.0.in,Mg,75,3 3 3,Mg.pbe-spnl-kjpaw_psl.1.0.0
Mg_ecut75_k333_Mg.pbe-spnl-rrkjus_psl.1.0.0.in,Mg,75,3 3 3,Mg.pbe-spnl-rrkjus_psl.1.0.0
Mg_ecut75_k444_Mg.pbesol-spnl-kjpaw_psl.1.0.0.in,Mg,75,4 4 4,Mg.pbesol-spnl-kjpaw_psl.1.0.0
Mg_ecut75_k444_Mg.pbesol-spnl-rrkjus_psl.1.0.0.in,Mg,75,4 4 4,Mg.pbesol-spnl-rrkjus_psl.1.0.0
Mg_ecut75_k444_Mg.pbe-spnl-kjpaw_psl.1.0.0.in,Mg,75,4 4 4,Mg.pbe-spnl-kjpaw_psl.1.0.0
Mg_ecut75_k444_Mg.pbe-spnl-rrkjus_psl.1.0.0.in,Mg,75,4 4 4,Mg.pbe-spnl-rrkjus_psl.1.0.0
Mg_ecut75_k555_Mg.pbesol-spnl-kjpaw_psl.1.0.0.in,Mg,75,5 5 5,Mg.pbesol-spnl-kjpaw_psl.1.0.0
Mg_ecut75_k555_Mg.pbesol-spnl-rrkjus_psl.1.0.0.in,Mg,75,5 5 5,Mg.pbesol-spnl-rrkjus_psl.1.0.0
Mg_ecut75_k555_Mg.pbe-spnl-kjpaw_psl.1.0.0.in,Mg,75,5 5 5,Mg.pbe-spnl-kjpaw_psl.1.0.0
Mg_ecut75_k555_Mg.pbe-spnl-rrkjus_psl.1.0.0.in,Mg,75,5 5 5,Mg.pbe-spnl-rrkjus_psl.1.0.0
Mg_ecut75_k666_Mg.pbesol-spnl-kjpaw_psl.1.0.0.in,Mg,75,6 6 6,Mg.pbesol-spnl-kjpaw_psl.1.0.0
Mg_ecut75_k666_Mg.pbesol-spnl-rrkjus_psl.1.0.0.in,Mg,75,6 6 6,Mg.pbesol-spnl-rrkjus_psl.1.0.0
Mg_ecut75_k666_Mg.pbe-spnl-kjpaw_psl.1.0.0.in,Mg,75,6 6 6,Mg.pbe-spnl-kjpaw_psl.1.0.0
Mg_ecut75_k666_Mg.pbe-spnl-rrkjus_psl.1.0.0.in,Mg,75,6 6 6,Mg.pbe-spnl-rrkjus_psl.1.0.0
Mg_ecut75_k777_Mg.pbesol-spnl-kjpaw_psl.1.0.0.in,Mg,75,7 7 7,Mg.pbesol-spnl-kjpaw_psl.1.0.0
Mg_ecut75_k777_Mg.pbesol-spnl-rrkjus_psl.1.0.0.in,Mg,75,7 7 7,Mg.pbesol-spnl-rrkjus_psl.1.0.0
Mg_ecut75_k777_Mg.pbe-spnl-kjpaw_psl.1.0.0.in,Mg,75,7 7 7,Mg.pbe-spnl-kjpaw_psl.1.0.0
Mg_ecut75_k777_Mg.pbe-spnl-rrkjus_psl.1.0.0.in,Mg,75,7 7 7,Mg.pbe-spnl-rrkjus_psl.1.0.0
Mg_ecut75_k888_Mg.pbesol-spnl-kjpaw_psl.1.0.0.in,Mg,75,8 8 8,Mg.pbesol-spnl-kjpaw_psl.1.0.0
Mg_ecut75_k888_Mg.pbesol-spnl-rrkjus_psl.1.0.0.in,Mg,75,8 8 8,Mg.pbesol-spnl-rrkjus_psl.1.0.0
Mg_ecut75_k888_Mg.pbe-spnl-kjpaw_psl.1.0.0.in,Mg,75,8 8 8,Mg.pbe-spnl-kjpaw_psl.1.0.0
Mg_ecut75_k888_Mg.pbe-spnl-rrkjus_psl.1.0.0.in,Mg,75,8 8 8,Mg.pbe-spnl-rrkjus_psl.1.0.0
Mg_ecut75_k999_Mg.pbesol-spnl-kjpaw_psl.1.0.0.in,Mg,75,9 9 9,Mg.pbesol-spnl-kjpaw_psl.1.0.0
Mg_ecut75_k999_Mg.pbesol-spnl-rrkjus_psl.1.0.0.in,Mg,75,9 9 9,Mg.pbesol-spnl-rrkjus_psl.1.0.0
Mg_ecut75_k999_Mg.pbe-spnl-kjpaw_psl.1.0.0.in,Mg,75,9 9 9,Mg.pbe-spnl-kjpaw_psl.1.0.0
Mg_ecut75_k999_Mg.pbe-spnl-rrkjus_psl.1.0.0.in,Mg,75,9 9 9,Mg.pbe-spnl-rrkjus_psl.1.0.0
Mg_ecut75_k101010_Mg.pbesol-spnl-kjpaw_psl.1.0.0.in,Mg,75,10 10 10,Mg.pbesol-spnl-kjpaw_psl.1.0.0
Mg_ecut75_k101010_Mg.pbesol-spnl-rrkjus_psl.1.0.0.in,Mg,75,10 10 10,Mg.pbesol-spnl-rrkjus_psl.1.0.0
Mg_ecut75_k101010_Mg.pbe-spnl-kjpaw_psl.1.0.0.in,Mg,75,10 10 10,Mg.pbe-spnl-kjpaw_psl.1.0.0
Mg_ecut75_k101010_Mg.pbe-spnl-rrkjus_psl.1.0.0.in,Mg,75,10 10 10,Mg.pbe-spnl-rrkjus_psl.1.0.0
Mg_ecut75_k111111_Mg.pbesol-spnl-kjpaw_psl.1.0.0.in,Mg,75,11 11 11,Mg.pbesol-spnl-kjpaw_psl.1.0.0
Mg_ecut75_k111111_Mg.pbesol-spnl-rrkjus_psl.1.0.0.in,Mg,75,11 11 11,Mg.pbesol-spnl-rrkjus_psl.1.0.0
Mg_ecut75_k111111_Mg.pbe-spnl-kjpaw_psl.1.0.0.in,Mg,75,11 11 11,Mg.pbe-spnl-kjpaw_psl.1.0.0
Mg_ecut75_k111111_Mg.pbe-spnl-rrkjus_psl.1.0.0.in,Mg,75,11 11 11,Mg.pbe-spnl-rrkjus_psl.1.0.0
Mg_ecut80_k111_Mg.pbesol-spnl-kjpaw_psl.1.0.0.in,Mg,80,1 1 1,Mg.pbesol-spnl-kjpaw_psl.1.0.0
Mg_ecut80_k111_Mg.pbesol-spnl-rrkjus_psl.1.0.0.in,Mg,80,1 1 1,Mg.pbesol-spnl-rrkjus_psl.1.0.0
Mg_ecut80_k111_Mg.pbe-spnl-kjpaw_psl.1.0.0.in,Mg,80,1 1 1,Mg.pbe-spnl-kjpaw_psl.1.0.0
Mg_ecut80_k111_Mg.pbe-spnl-rrkjus_psl.1.0.0.in,Mg,80,1 1 1,Mg.pbe-spnl-rrkjus_psl.1.0.0
Mg_ecut80_k222_Mg.pbesol-spnl-kjpaw_psl.1.0.0.in,Mg,80,2 2 2,Mg.pbesol-spnl-kjpaw_psl.1.0.0
Mg_ecut80_k222_Mg.pbesol-spnl-rrkjus_psl.1.0.0.in,Mg,80,2 2 2,Mg.pbesol-spnl-rrkjus_psl.1.0.0
Mg_ecut80_k222_Mg.pbe-spnl-kjpaw_psl.1.0.0.in,Mg,80,2 2 2,Mg.pbe-spnl-kjpaw_psl.1.0.0
Mg_ecut80_k222_Mg.pbe-spnl-rrkjus_psl.1.0.0.in,Mg,80,2 2 2,Mg.pbe-spnl-rrkjus_psl.1.0.0
Mg_ecut80_k333_Mg.pbesol-spnl-kjpaw_psl.1.0.0.in,Mg,80,3 3 3,Mg.pbesol-spnl-kjpaw_psl.1.0.0
Mg_ecut80_k333_Mg.pbesol-spnl-rrkjus_psl.1.0.0.in,Mg,80,3 3 3,Mg.pbesol-spnl-rrkjus_psl.1.0.0
Mg_ecut80_k333_Mg.pbe-spnl-kjpaw_psl.1.0.0.in,Mg,80,3 3 3,Mg.pbe-spnl-kjpaw_psl.1.0.0
Mg_ecut80_k333_Mg.pbe-spnl-rrkjus_psl.1.0.0.in,Mg,80,3 3 3,Mg.pbe-spnl-rrkjus_psl.1.0.0
Mg_ecut80_k444_Mg.pbesol-spnl-kjpaw_psl.1.0.0.in,Mg,80,4 4 4,Mg.pbesol-spnl-kjpaw_psl.1.0.0
Mg_ecut80_k444_Mg.pbesol-spnl-rrkjus_psl.1.0.0.in,Mg,80,4 4 4,Mg.pbesol-spnl-rrkjus_psl.1.0.0
Mg_ecut80_k444_Mg.pbe-spnl-kjpaw_psl.1.0.0.in,Mg,80,4 4 4,Mg.pbe-spnl-kjpaw_psl.1.0.0
Mg_ecut80_k444_Mg.pbe-spnl-rrkjus_psl.1.0.0.in,Mg,80,4 4 4,Mg.pbe-spnl-rrkjus_psl.1.0.0
Mg_ecut80_k555_Mg.pbesol-spnl-kjpaw_psl.1.0.0.in,Mg,80,5 5 5,Mg.pbesol-spnl-kjpaw_psl.1.0.0
Mg_ecut80_k555_Mg.pbesol-spnl-rrkjus_psl.1.0.0.in,Mg,80,5 5 5,Mg.pbesol-spnl-rrkjus_psl.1.0.0
Mg_ecut80_k555_Mg.pbe-spnl-kjpaw_psl.1.0.0.in,Mg,80,5 5 5,Mg.pbe-spnl-kjpaw_psl.1.0.0
Mg_ecut80_k555_Mg.pbe-spnl-rrkjus_psl.1.0.0.in,Mg,80,5 5 5,Mg.pbe-spnl-rrkjus_psl.1.0.0
Mg_ecut80_k666_Mg.pbesol-spnl-kjpaw_psl.1.0.0.in,Mg,80,6 6 6,Mg.pbesol-spnl-kjpaw_psl.1.0.0
Mg_ecut80_k666_Mg.pbesol-spnl-rrkjus_psl.1.0.0.in,Mg,80,6 6 6,Mg.pbesol-spnl-rrkjus_psl.1.0.0
Mg_ecut80_k666_Mg.pbe-spnl-kjpaw_psl.1.0.0.in,Mg,80,6 6 6,Mg.pbe-spnl-kjpaw_psl.1.0.0
Mg_ecut80_k666_Mg.pbe-spnl-rrkjus_psl.1.0.0.in,Mg,80,6 6 6,Mg.pbe-spnl-rrkjus_psl.1.0.0
Mg_ecut80_k777_Mg.pbesol-spnl-kjpaw_psl.1.0.0.in,Mg,80,7 7 7,Mg.pbesol-spnl-kjpaw_psl.1.0.0
Mg_ecut80_k777_Mg.pbesol-spnl-rrkjus_psl.1.0.0.in,Mg,80,7 7 7,Mg.pbesol-spnl-rrkjus_psl.1.0.0
Mg_ecut80_k777_Mg.pbe-spnl-kjpaw_psl.1.0.0.in,Mg,80,7 7 7,Mg.pbe-spnl-kjpaw_psl.1.0.0
Mg_ecut80_k777_Mg.pbe-spnl-rrkjus_psl.1.0.0.in,Mg,80,7 7 7,Mg.pbe-spnl-rrkjus_psl.1.0.0
Mg_ecut80_k888_Mg.pbesol-spnl-kjpaw_psl.1.0.0.in,Mg,80,8 8 8,Mg.pbesol-spnl-kjpaw_psl.1.0.0
Mg_ecut80_k888_Mg.pbesol-spnl-rrkjus_psl.1.0.0.in,Mg,80,8 8 8,Mg.pbesol-spnl-rrkjus_psl.1.0.0
Mg_ecut80_k888_Mg.pbe-spnl-kjpaw_psl.1.0.0.in,Mg,80,8 8 8,Mg.pbe-spnl-kjpaw_psl.1.0.0
Mg_ecut80_k888_Mg.pbe-spnl-rrkjus_psl.1.0.0.in,Mg,80,8 8 8,Mg.pbe-spnl-rrkjus_psl.1.0.0
Mg_ecut80_k999_Mg.pbesol-spnl-kjpaw_psl.1.0.0.in,Mg,80,9 9 9,Mg.pbesol-spnl-kjpaw_psl.1.0.0
Mg_ecut80_k999_Mg.pbesol-spnl-rrkjus_psl.1.0.0.in,Mg,80,9 9 9,Mg.pbesol-spnl-rrkjus_psl.1.0.0
Mg_ecut80_k999_Mg.pbe-spnl-kjpaw_psl.1.0.0.in,Mg,80,9 9 9,Mg.pbe-spnl-kjpaw_psl.1.0.0
Mg_ecut80_k999_Mg.pbe-spnl-rrkjus_psl.1.0.0.in,Mg,80,9 9 9,Mg.pbe-spnl-rrkjus_psl.1.0.0
Mg_ecut80_k101010_Mg.pbesol-spnl-kjpaw_psl.1.0.0.in,Mg,80,10 10 10,Mg.pbesol-spnl-kjpaw_psl.1.0.0
Mg_ecut80_k101010_Mg.pbesol-spnl-rrkjus_psl.1.0.0.in,Mg,80,10 10 10,Mg.pbesol-spnl-rrkjus_psl.1.0.0
Mg_ecut80_k101010_Mg.pbe-spnl-kjpaw_psl.1.0.0.in,Mg,80,10 10 10,Mg.pbe-spnl-kjpaw_psl.1.0.0
Mg_ecut80_k101010_Mg.pbe-spnl-rrkjus_psl.1.0.0.in,Mg,80,10 10 10,Mg.pbe-spnl-rrkjus_psl.1.0.0
Mg_ecut80_k111111_Mg.pbesol-spnl-kjpaw_psl.1.0.0.in,Mg,80,11 11 11,Mg.pbesol-spnl-kjpaw_psl.1.0.0
Mg_ecut80_k111111_Mg.pbesol-spnl-rrkjus_psl.1.0.0.in,Mg,80,11 11 11,Mg.pbesol-spnl-rrkjus_psl.1.0.0
Mg_ecut80_k111111_Mg.pbe-spnl-kjpaw_psl.1.0.0.in,Mg,80,11 11 11,Mg.pbe-spnl-kjpaw_psl.1.0.0
Mg_ecut80_k111111_Mg.pbe-spnl-rrkjus_psl.1.0.0.in,Mg,80,11 11 11,Mg.pbe-spnl-rrkjus_psl.1.0.0
Mg_ecut85_k111_Mg.pbesol-spnl-kjpaw_psl.1.0.0.in,Mg,85,1 1 1,Mg.pbesol-spnl-kjpaw_psl.1.0.0
Mg_ecut85_k111_Mg.pbesol-spnl-rrkjus_psl.1.0.0.in,Mg,85,1 1 1,Mg.pbesol-spnl-rrkjus_psl.1.0.0
Mg_ecut85_k111_Mg.pbe-spnl-kjpaw_psl.1.0.0.in,Mg,85,1 1 1,Mg.pbe-spnl-kjpaw_psl.1.0.0
Mg_ecut85_k111_Mg.pbe-spnl-rrkjus_psl.1.0.0.in,Mg,85,1 1 1,Mg.pbe-spnl-rrkjus_psl.1.0.0
Mg_ecut85_k222_Mg.pbesol-spnl-kjpaw_psl.1.0.0.in,Mg,85,2 2 2,Mg.pbesol-spnl-kjpaw_psl.1.0.0
Mg_ecut85_k222_Mg.pbesol-spnl-rrkjus_psl.1.0.0.in,Mg,85,2 2 2,Mg.pbesol-spnl-rrkjus_psl.1.0.0
Mg_ecut85_k222_Mg.pbe-spnl-kjpaw_psl.1.0.0.in,Mg,85,2 2 2,Mg.pbe-spnl-kjpaw_psl.1.0.0
Mg_ecut85_k222_Mg.pbe-spnl-rrkjus_psl.1.0.0.in,Mg,85,2 2 2,Mg.pbe-spnl-rrkjus_psl.1.0.0
Mg_ecut85_k333_Mg.pbesol-spnl-kjpaw_psl.1.0.0.in,Mg,85,3 3 3,Mg.pbesol-spnl-kjpaw_psl.1.0.0
Mg_ecut85_k333_Mg.pbesol-spnl-rrkjus_psl.1.0.0.in,Mg,85,3 3 3,Mg.pbesol-spnl-rrkjus_psl.1.0.0
Mg_ecut85_k333_Mg.pbe-spnl-kjpaw_psl.1.0.0.in,Mg,85,3 3 3,Mg.pbe-spnl-kjpaw_psl.1.0.0
Mg_ecut85_k333_Mg.pbe-spnl-rrkjus_psl.1.0.0.in,Mg,85,3 3 3,Mg.pbe-spnl-rrkjus_psl.1.0.0
Mg_ecut85_k444_Mg.pbesol-spnl-kjpaw_psl.1.0.0.in,Mg,85,4 4 4,Mg.pbesol-spnl-kjpaw_psl.1.0.0
Mg_ecut85_k444_Mg.pbesol-spnl-rrkjus_psl.1.0.0.in,Mg,85,4 4 4,Mg.pbesol-spnl-rrkjus_psl.1.0.0
Mg_ecut85_k444_Mg.pbe-spnl-kjpaw_psl.1.0.0.in,Mg,85,4 4 4,Mg.pbe-spnl-kjpaw_psl.1.0.0
Mg_ecut85_k444_Mg.pbe-spnl-rrkjus_psl.1.0.0.in,Mg,85,4 4 4,Mg.pbe-spnl-rrkjus_psl.1.0.0
Mg_ecut85_k555_Mg.pbesol-spnl-kjpaw_psl.1.0.0.in,Mg,85,5 5 5,Mg.pbesol-spnl-kjpaw_psl.1.0.0
Mg_ecut85_k555_Mg.pbesol-spnl-rrkjus_psl.1.0.0.in,Mg,85,5 5 5,Mg.pbesol-spnl-rrkjus_psl.1.0.0
Mg_ecut85_k555_Mg.pbe-spnl-kjpaw_psl.1.0.0.in,Mg,85,5 5 5,Mg.pbe-spnl-kjpaw_psl.1.0.0
Mg_ecut85_k555_Mg.pbe-spnl-rrkjus_psl.1.0.0.in,Mg,85,5 5 5,Mg.pbe-spnl-rrkjus_psl.1.0.0
Mg_ecut85_k666_Mg.pbesol-spnl-kjpaw_psl.1.0.0.in,Mg,85,6 6 6,Mg.pbesol-spnl-kjpaw_psl.1.0.0
Mg_ecut85_k666_Mg.pbesol-spnl-rrkjus_psl.1.0.0.in,Mg,85,6 6 6,Mg.pbesol-spnl-rrkjus_psl.1.0.0
Mg_ecut85_k666_Mg.pbe-spnl-kjpaw_psl.1.0.0.in,Mg,85,6 6 6,Mg.pbe-spnl-kjpaw_psl.1.0.0
Mg_ecut85_k666_Mg.pbe-spnl-rrkjus_psl.1.0.0.in,Mg,85,6 6 6,Mg.pbe-spnl-rrkjus_psl.1.0.0
Mg_ecut85_k777_Mg.pbesol-spnl-kjpaw_psl.1.0.0.in,Mg,85,7 7 7,Mg.pbesol-spnl-kjpaw_psl.1.0.0
Mg_ecut85_k777_Mg.pbesol-spnl-rrkjus_psl.1.0.0.in,Mg,85,7 7 7,Mg.pbesol-spnl-rrkjus_psl.1.0.0
Mg_ecut85_k777_Mg.pbe-spnl-kjpaw_psl.1.0.0.in,Mg,85,7 7 7,Mg.pbe-spnl-kjpaw_psl.1.0.0
Mg_ecut85_k777_Mg.pbe-spnl-rrkjus_psl.1.0.0.in,Mg,85,7 7 7,Mg.pbe-spnl-rrkjus_psl.1.0.0
Mg_ecut85_k888_Mg.pbesol-spnl-kjpaw_psl.1.0.0.in,Mg,85,8 8 8,Mg.pbesol-spnl-kjpaw_psl.1.0.0
Mg_ecut85_k888_Mg.pbesol-spnl-rrkjus_psl.1.0.0.in,Mg,85,8 8 8,Mg.pbesol-spnl-rrkjus_psl.1.0.0
Mg_ecut85_k888_Mg.pbe-spnl-kjpaw_psl.1.0.0.in,Mg,85,8 8 8,Mg.pbe-spnl-kjpaw_psl.1.0.0
Mg_ecut85_k888_Mg.pbe-spnl-rrkjus_psl.1.0.0.in,Mg,85,8 8 8,Mg.pbe-spnl-rrkjus_psl.1.0.0
Mg_ecut85_k999_Mg.pbesol-spnl-kjpaw_psl.1.0.0.in,Mg,85,9 9 9,Mg.pbesol-spnl-kjpaw_psl.1.0.0
Mg_ecut85_k999_Mg.pbesol-spnl-rrkjus_psl.1.0.0.in,Mg,85,9 9 9,Mg.pbesol-spnl-rrkjus_psl.1.0.0
Mg_ecut85_k999_Mg.pbe-spnl-kjpaw_psl.1.0.0.in,Mg,85,9 9 9,Mg.pbe-spnl-kjpaw_psl.1.0.0
Mg_ecut85_k999_Mg.pbe-spnl-rrkjus_psl.1.0.0.in,Mg,85,9 9 9,Mg.pbe-spnl-rrkjus_psl.1.0.0
Mg_ecut85_k101010_Mg.pbesol-spnl-kjpaw_psl.1.0.0.in,Mg,85,10 10 10,Mg.pbesol-spnl-kjpaw_psl.1.0.0
Mg_ecut85_k101010_Mg.pbesol-spnl-rrkjus_psl.1.0.0.in,Mg,85,10 10 10,Mg.pbesol-spnl-rrkjus_psl.1.0.0
Mg_ecut85_k101010_Mg.pbe-spnl-kjpaw_psl.1.0.0.in,Mg,85,10 10 10,Mg.pbe-spnl-kjpaw_psl.1.0.0
Mg_ecut85_k101010_Mg.pbe-spnl-rrkjus_psl.1.0.0.in,Mg,85,10 10 10,Mg.pbe-spnl-rrkjus_psl.1.0.0
Mg_ecut85_k111111_Mg.pbesol-spnl-kjpaw_psl.1.0.0.in,Mg,85,11 11 11,Mg.pbesol-spnl-kjpaw_psl.1.0.0
Mg_ecut85_k111111_Mg.pbesol-spnl-rrkjus_psl.1.0.0.in,Mg,85,11 11 11,Mg.pbesol-spnl-rrkjus_psl.1.0.0
Mg_ecut85_k111111_Mg.pbe-spnl-kjpaw_psl.1.0.0.in,Mg,85,11 11 11,Mg.pbe-spnl-kjpaw_psl.1.0.0
Mg_ecut85_k111111_Mg.pbe-spnl-rrkjus_psl.1.0.0.in,Mg,85,11 11 11,Mg.pbe-spnl-rrkjus_psl.1.0.0
Mg_ecut90_k111_Mg.pbesol-spnl-kjpaw_psl.1.0.0.in,Mg,90,1 1 1,Mg.pbesol-spnl-kjpaw_psl.1.0.0
Mg_ecut90_k111_Mg.pbesol-spnl-rrkjus_psl.1.0.0.in,Mg,90,1 1 1,Mg.pbesol-spnl-rrkjus_psl.1.0.0
Mg_ecut90_k111_Mg.pbe-spnl-kjpaw_psl.1.0.0.in,Mg,90,1 1 1,Mg.pbe-spnl-kjpaw_psl.1.0.0
Mg_ecut90_k111_Mg.pbe-spnl-rrkjus_psl.1.0.0.in,Mg,90,1 1 1,Mg.pbe-spnl-rrkjus_psl.1.0.0
Mg_ecut90_k222_Mg.pbesol-spnl-kjpaw_psl.1.0.0.in,Mg,90,2 2 2,Mg.pbesol-spnl-kjpaw_psl.1.0.0
Mg_ecut90_k222_Mg.pbesol-spnl-rrkjus_psl.1.0.0.in,Mg,90,2 2 2,Mg.pbesol-spnl-rrkjus_psl.1.0.0
Mg_ecut90_k222_Mg.pbe-spnl-kjpaw_psl.1.0.0.in,Mg,90,2 2 2,Mg.pbe-spnl-kjpaw_psl.1.0.0
Mg_ecut90_k222_Mg.pbe-spnl-rrkjus_psl.1.0.0.in,Mg,90,2 2 2,Mg.pbe-spnl-rrkjus_psl.1.0.0
Mg_ecut90_k333_Mg.pbesol-spnl-kjpaw_psl.1.0.0.in,Mg,90,3 3 3,Mg.pbesol-spnl-kjpaw_psl.1.0.0
Mg_ecut90_k333_Mg.pbesol-spnl-rrkjus_psl.1.0.0.in,Mg,90,3 3 3,Mg.pbesol-spnl-rrkjus_psl.1.0.0
Mg_ecut90_k333_Mg.pbe-spnl-kjpaw_psl.1.0.0.in,Mg,90,3 3 3,Mg.pbe-spnl-kjpaw_psl.1.0.0
Mg_ecut90_k333_Mg.pbe-spnl-rrkjus_psl.1.0.0.in,Mg,90,3 3 3,Mg.pbe-spnl-rrkjus_psl.1.0.0
Mg_ecut90_k444_Mg.pbesol-spnl-kjpaw_psl.1.0.0.in,Mg,90,4 4 4,Mg.pbesol-spnl-kjpaw_psl.1.0.0
Mg_ecut90_k444_Mg.pbesol-spnl-rrkjus_psl.1.0.0.in,Mg,90,4 4 4,Mg.pbesol-spnl-rrkjus_psl.1.0.0
Mg_ecut90_k444_Mg.pbe-spnl-kjpaw_psl.1.0.0.in,Mg,90,4 4 4,Mg.pbe-spnl-kjpaw_psl.1.0.0
Mg_ecut90_k444_Mg.pbe-spnl-rrkjus_psl.1.0.0.in,Mg,90,4 4 4,Mg.pbe-spnl-rrkjus_psl.1.0.0
Mg_ecut90_k555_Mg.pbesol-spnl-kjpaw_psl.1.0.0.in,Mg,90,5 5 5,Mg.pbesol-spnl-kjpaw_psl.1.0.0
Mg_ecut90_k555_Mg.pbesol-spnl-rrkjus_psl.1.0.0.in,Mg,90,5 5 5,Mg.pbesol-spnl-rrkjus_psl.1.0.0
Mg_ecut90_k555_Mg.pbe-spnl-kjpaw_psl.1.0.0.in,Mg,90,5 5 5,Mg.pbe-spnl-kjpaw_psl.1.0.0
Mg_ecut90_k555_Mg.pbe-spnl-rrkjus_psl.1.0.0.in,Mg,90,5 5 5,Mg.pbe-spnl-rrkjus_psl.1.0.0
Mg_ecut90_k666_Mg.pbesol-spnl-kjpaw_psl.1.0.0.in,Mg,90,6 6 6,Mg.pbesol-spnl-kjpaw_psl.1.0.0
Mg_ecut90_k666_Mg.pbesol-spnl-rrkjus_psl.1.0.0.in,Mg,90,6 6 6,Mg.pbesol-spnl-rrkjus_psl.1.0.0
Mg_ecut90_k666_Mg.pbe-spnl-kjpaw_psl.1.0.0.in,Mg,90,6 6 6,Mg.pbe-spnl-kjpaw_psl.1.0.0
Mg_ecut90_k666_Mg.pbe-spnl-rrkjus_psl.1.0.0.in,Mg,90,6 6 6,Mg.pbe-spnl-rrkjus_psl.1.0.0
Mg_ecut90_k777_Mg.pbesol-spnl-kjpaw_psl.1.0.0.in,Mg,90,7 7 7,Mg.pbesol-spnl-kjpaw_psl.1.0.0
Mg_ecut90_k777_Mg.pbesol-spnl-rrkjus_psl.1.0.0.in,Mg,90,7 7 7,Mg.pbesol-spnl-rrkjus_psl.1.0.0
Mg_ecut90_k777_Mg.pbe-spnl-kjpaw_psl.1.0.0.in,Mg,90,7 7 7,Mg.pbe-spnl-kjpaw_psl.1.0.0
Mg_ecut90_k777_Mg.pbe-spnl-rrkjus_psl.1.0.0.in,Mg,90,7 7 7,Mg.pbe-spnl-rrkjus_psl.1.0.0
Mg_ecut90_k888_Mg.pbesol-spnl-kjpaw_psl.1.0.0.in,Mg,90,8 8 8,Mg.pbesol-spnl-kjpaw_psl.1.0.0
Mg_ecut90_k888_Mg.pbesol-spnl-rrkjus_psl.1.0.0.in,Mg,90,8 8 8,Mg.pbesol-spnl-rrkjus_psl.1.0.0
Mg_ecut90_k888_Mg.pbe-spnl-kjpaw_psl.1.0.0.in,Mg,90,8 8 8,Mg.pbe-spnl-kjpaw_psl.1.0.0
Mg_ecut90_k888_Mg.pbe-spnl-rrkjus_psl.1.0.0.in,Mg,90,8 8 8,Mg.pbe-spnl-rrkjus_psl.1.0.0
Mg_ecut90_k999_Mg.pbesol-spnl-kjpaw_psl.1.0.0.in,Mg,90,9 9 9,Mg.pbesol-spnl-kjpaw_psl.1.0.0
Mg_ecut90_k999_Mg.pbesol-spnl-rrkjus_psl.1.0.0.in,Mg,90,9 9 9,Mg.pbesol-spnl-rrkjus_psl.1.0.0
Mg_ecut90_k999_Mg.pbe-spnl-kjpaw_psl.1.0.0.in,Mg,90,9 9 9,Mg.pbe-spnl-kjpaw_psl.1.0.0
Mg_ecut90_k999_Mg.pbe-spnl-rrkjus_psl.1.0.0.in,Mg,90,9 9 9,Mg.pbe-spnl-rrkjus_psl.1.0.0
Mg_ecut90_k101010_Mg.pbesol-spnl-kjpaw_psl.1.0.0.in,Mg,90,10 10 10,Mg.pbesol-spnl-kjpaw_psl.1.0.0
Mg_ecut90_k101010_Mg.pbesol-spnl-rrkjus_psl.1.0.0.in,Mg,90,10 10 10,Mg.pbesol-spnl-rrkjus_psl.1.0.0
Mg_ecut90_k101010_Mg.pbe-spnl-kjpaw_psl.1.0.0.in,Mg,90,10 10 10,Mg.pbe-spnl-kjpaw_psl.1.0.0
Mg_ecut90_k101010_Mg.pbe-spnl-rrkjus_psl.1.0.0.in,Mg,90,10 10 10,Mg.pbe-spnl-rrkjus_psl.1.0.0
Mg_ecut90_k111111_Mg.pbesol-spnl-kjpaw_psl.1.0.0.in,Mg,90,11 11 11,Mg.pbesol-spnl-kjpaw_psl.1.0.0
Mg_ecut90_k111111_Mg.pbesol-spnl-rrkjus_psl.1.0.0.in,Mg,90,11 11 11,Mg.pbesol-spnl-rrkjus_psl.1.0.0
Mg_ecut90_k111111_Mg.pbe-spnl-kjpaw_psl.1.0.0.in,Mg,90,11 11 11,Mg.pbe-spnl-kjpaw_psl.1.0.0
Mg_ecut90_k111111_Mg.pbe-spnl-rrkjus_psl.1.0.0.in,Mg,90,11 11 11,Mg.pbe-spnl-rrkjus_psl.1.0.0
Mg_ecut95_k111_Mg.pbesol-spnl-kjpaw_psl.1.0.0.in,Mg,95,1 1 1,Mg.pbesol-spnl-kjpaw_psl.1.0.0
Mg_ecut95_k111_Mg.pbesol-spnl-rrkjus_psl.1.0.0.in,Mg,95,1 1 1,Mg.pbesol-spnl-rrkjus_psl.1.0.0
Mg_ecut95_k111_Mg.pbe-spnl-kjpaw_psl.1.0.0.in,Mg,95,1 1 1,Mg.pbe-spnl-kjpaw_psl.1.0.0
Mg_ecut95_k111_Mg.pbe-spnl-rrkjus_psl.1.0.0.in,Mg,95,1 1 1,Mg.pbe-spnl-rrkjus_psl.1.0.0
Mg_ecut95_k222_Mg.pbesol-spnl-kjpaw_psl.1.0.0.in,Mg,95,2 2 2,Mg.pbesol-spnl-kjpaw_psl.1.0.0
Mg_ecut95_k222_Mg.pbesol-spnl-rrkjus_psl.1.0.0.in,Mg,95,2 2 2,Mg.pbesol-spnl-rrkjus_psl.1.0.0
Mg_ecut95_k222_Mg.pbe-spnl-kjpaw_psl.1.0.0.in,Mg,95,2 2 2,Mg.pbe-spnl-kjpaw_psl.1.0.0
Mg_ecut95_k222_Mg.pbe-spnl-rrkjus_psl.1.0.0.in,Mg,95,2 2 2,Mg.pbe-spnl-rrkjus_psl.1.0.0
Mg_ecut95_k333_Mg.pbesol-spnl-kjpaw_psl.1.0.0.in,Mg,95,3 3 3,Mg.pbesol-spnl-kjpaw_psl.1.0.0
Mg_ecut95_k333_Mg.pbesol-spnl-rrkjus_psl.1.0.0.in,Mg,95,3 3 3,Mg.pbesol-spnl-rrkjus_psl.1.0.0
Mg_ecut95_k333_Mg.pbe-spnl-kjpaw_psl.1.0.0.in,Mg,95,3 3 3,Mg.pbe-spnl-kjpaw_psl.1.0.0
Mg_ecut95_k333_Mg.pbe-spnl-rrkjus_psl.1.0.0.in,Mg,95,3 3 3,Mg.pbe-spnl-rrkjus_psl.1.0.0
Mg_ecut95_k444_Mg.pbesol-spnl-kjpaw_psl.1.0.0.in,Mg,95,4 4 4,Mg.pbesol-spnl-kjpaw_psl.1.0.0
Mg_ecut95_k444_Mg.pbesol-spnl-rrkjus_psl.1.0.0.in,Mg,95,4 4 4,Mg.pbesol-spnl-rrkjus_psl.1.0.0
Mg_ecut95_k444_Mg.pbe-spnl-kjpaw_psl.1.0.0.in,Mg,95,4 4 4,Mg.pbe-spnl-kjpaw_psl.1.0.0
Mg_ecut95_k444_Mg.pbe-spnl-rrkjus_psl.1.0.0.in,Mg,95,4 4 4,Mg.pbe-spnl-rrkjus_psl.1.0.0
Mg_ecut95_k555_Mg.pbesol-spnl-kjpaw_psl.1.0.0.in,Mg,95,5 5 5,Mg.pbesol-spnl-kjpaw_psl.1.0.0
Mg_ecut95_k555_Mg.pbesol-spnl-rrkjus_psl.1.0.0.in,Mg,95,5 5 5,Mg.pbesol-spnl-rrkjus_psl.1.0.0
Mg_ecut95_k555_Mg.pbe-spnl-kjpaw_psl.1.0.0.in,Mg,95,5 5 5,Mg.pbe-spnl-kjpaw_psl.1.0.0
Mg_ecut95_k555_Mg.pbe-spnl-rrkjus_psl.1.0.0.in,Mg,95,5 5 5,Mg.pbe-spnl-rrkjus_psl.1.0.0
Mg_ecut95_k666_Mg.pbesol-spnl-kjpaw_psl.1.0.0.in,Mg,95,6 6 6,Mg.pbesol-spnl-kjpaw_psl.1.0.0
Mg_ecut95_k666_Mg.pbesol-spnl-rrkjus_psl.1.0.0.in,Mg,95,6 6 6,Mg.pbesol-spnl-rrkjus_psl.1.0.0
Mg_ecut95_k666_Mg.pbe-spnl-kjpaw_psl.1.0.0.in,Mg,95,6 6 6,Mg.pbe-spnl-kjpaw_psl.1.0.0
Mg_ecut95_k666_Mg.pbe-spnl-rrkjus_psl.1.0.0.in,Mg,95,6 6 6,Mg.pbe-spnl-rrkjus_psl.1.0.0
Mg_ecut95_k777_Mg.pbesol-spnl-kjpaw_psl.1.0.0.in,Mg,95,7 7 7,Mg.pbesol-spnl-kjpaw_psl.1.0.0
Mg_ecut95_k777_Mg.pbesol-spnl-rrkjus_psl.1.0.0.in,Mg,95,7 7 7,Mg.pbesol-spnl-rrkjus_psl.1.0.0
Mg_ecut95_k777_Mg.pbe-spnl-kjpaw_psl.1.0.0.in,Mg,95,7 7 7,Mg.pbe-spnl-kjpaw_psl.1.0.0
Mg_ecut95_k777_Mg.pbe-spnl-rrkjus_psl.1.0.0.in,Mg,95,7 7 7,Mg.pbe-spnl-rrkjus_psl.1.0.0
Mg_ecut95_k888_Mg.pbesol-spnl-kjpaw_psl.1.0.0.in,Mg,95,8 8 8,Mg.pbesol-spnl-kjpaw_psl.1.0.0
Mg_ecut95_k888_Mg.pbesol-spnl-rrkjus_psl.1.0.0.in,Mg,95,8 8 8,Mg.pbesol-spnl-rrkjus_psl.1.0.0
Mg_ecut95_k888_Mg.pbe-spnl-kjpaw_psl.1.0.0.in,Mg,95,8 8 8,Mg.pbe-spnl-kjpaw_psl.1.0.0
Mg_ecut95_k888_Mg.pbe-spnl-rrkjus_psl.1.0.0.in,Mg,95,8 8 8,Mg.pbe-spnl-rrkjus_psl.1.0.0
Mg_ecut95_k999_Mg.pbesol-spnl-kjpaw_psl.1.0.0.in,Mg,95,9 9 9,Mg.pbesol-spnl-kjpaw_psl.1.0.0
Mg_ecut95_k999_Mg.pbesol-spnl-rrkjus_psl.1.0.0.in,Mg,95,9 9 9,Mg.pbesol-spnl-rrkjus_psl.1.0.0
Mg_ecut95_k999_Mg.pbe-spnl-kjpaw_psl.1.0.0.in,Mg,95,9 9 9,Mg.pbe-spnl-kjpaw_psl.1.0.0
Mg_ecut95_k999_Mg.pbe-spnl-rrkjus_psl.1.0.0.in,Mg,95,9 9 9,Mg.pbe-spnl-rrkjus_psl.1.0.0
Mg_ecut95_k101010_Mg.pbesol-spnl-kjpaw_psl.1.0.0.in,Mg,95,10 10 10,Mg.pbesol-spnl-kjpaw_psl.1.0.0
Mg_ecut95_k101010_Mg.pbesol-spnl-rrkjus_psl.1.0.0.in,Mg,95,10 10 10,Mg.pbesol-spnl-rrkjus_psl.1.0.0
Mg_ecut95_k101010_Mg.pbe-spnl-kjpaw_psl.1.0.0.in,Mg,95,10 10 10,Mg.pbe-spnl-kjpaw_psl.1.0.0
Mg_ecut95_k101010_Mg.pbe-spnl-rrkjus_psl.1.0.0.in,Mg,95,10 10 10,Mg.pbe-spnl-rrkjus_psl.1.0.0
Mg_ecut95_k111111_Mg.pbesol-spnl-kjpaw_psl.1.0.0.in,Mg,95,11 11 11,Mg.pbesol-spnl-kjpaw_psl.1.0.0
Mg_ecut95_k111111_Mg.pbesol-spnl-rrkjus_psl.1.0.0.in,Mg,95,11 11 11,Mg.pbesol-spnl-rrkjus_psl.1.0.0
Mg_ecut95_k111111_Mg.pbe-spnl-kjpaw_psl.1.0.0.in,Mg,95,11 11 11,Mg.pbe-spnl-kjpaw_psl.1.0.0
Mg_ecut95_k111111_Mg.pbe-spnl-rrkjus_psl.1.0.0.in,Mg,95,11 11 11,Mg.pbe-spnl-rrkjus_psl.1.0.0
Mg_ecut100_k111_Mg.pbesol-spnl-kjpaw_psl.1.0.0.in,Mg,100,1 1 1,Mg.pbesol-spnl-kjpaw_psl.1.0.0
Mg_ecut100_k111_Mg.pbesol-spnl-rrkjus_psl.1.0.0.in,Mg,100,1 1 1,Mg.pbesol-spnl-rrkjus_psl.1.0.0
Mg_ecut100_k111_Mg.pbe-spnl-kjpaw_psl.1.0.0.in,Mg,100,1 1 1,Mg.pbe-spnl-kjpaw_psl.1.0.0
Mg_ecut100_k111_Mg.pbe-spnl-rrkjus_psl.1.0.0.in,Mg,100,1 1 1,Mg.pbe-spnl-rrkjus_psl.1.0.0
Mg_ecut100_k222_Mg.pbesol-spnl-kjpaw_psl.1.0.0.in,Mg,100,2 2 2,Mg.pbesol-spnl-kjpaw_psl.1.0.0
Mg_ecut100_k222_Mg.pbesol-spnl-rrkjus_psl.1.0.0.in,Mg,100,2 2 2,Mg.pbesol-spnl-rrkjus_psl.1.0.0
Mg_ecut100_k222_Mg.pbe-spnl-kjpaw_psl.1.0.0.in,Mg,100,2 2 2,Mg.pbe-spnl-kjpaw_psl.1.0.0
Mg_ecut100_k222_Mg.pbe-spnl-rrkjus_psl.1.0.0.in,Mg,100,2 2 2,Mg.pbe-spnl-rrkjus_psl.1.0.0
Mg_ecut100_k333_Mg.pbesol-spnl-kjpaw_psl.1.0.0.in,Mg,100,3 3 3,Mg.pbesol-spnl-kjpaw_psl.1.0.0
Mg_ecut100_k333_Mg.pbesol-spnl-rrkjus_psl.1.0.0.in,Mg,100,3 3 3,Mg.pbesol-spnl-rrkjus_psl.1.0.0
Mg_ecut100_k333_Mg.pbe-spnl-kjpaw_psl.1.0.0.in,Mg,100,3 3 3,Mg.pbe-spnl-kjpaw_psl.1.0.0
Mg_ecut100_k333_Mg.pbe-spnl-rrkjus_psl.1.0.0.in,Mg,100,3 3 3,Mg.pbe-spnl-rrkjus_psl.1.0.0
Mg_ecut100_k444_Mg.pbesol-spnl-kjpaw_psl.1.0.0.in,Mg,100,4 4 4,Mg.pbesol-spnl-kjpaw_psl.1.0.0
Mg_ecut100_k444_Mg.pbesol-spnl-rrkjus_psl.1.0.0.in,Mg,100,4 4 4,Mg.pbesol-spnl-rrkjus_psl.1.0.0
Mg_ecut100_k444_Mg.pbe-spnl-kjpaw_psl.1.0.0.in,Mg,100,4 4 4,Mg.pbe-spnl-kjpaw_psl.1.0.0
Mg_ecut100_k444_Mg.pbe-spnl-rrkjus_psl.1.0.0.in,Mg,100,4 4 4,Mg.pbe-spnl-rrkjus_psl.1.0.0
Mg_ecut100_k555_Mg.pbesol-spnl-kjpaw_psl.1.0.0.in,Mg,100,5 5 5,Mg.pbesol-spnl-kjpaw_psl.1.0.0
Mg_ecut100_k555_Mg.pbesol-spnl-rrkjus_psl.1.0.0.in,Mg,100,5 5 5,Mg.pbesol-spnl-rrkjus_psl.1.0.0
Mg_ecut100_k555_Mg.pbe-spnl-kjpaw_psl.1.0.0.in,Mg,100,5 5 5,Mg.pbe-spnl-kjpaw_psl.1.0.0
Mg_ecut100_k555_Mg.pbe-spnl-rrkjus_psl.1.0.0.in,Mg,100,5 5 5,Mg.pbe-spnl-rrkjus_psl.1.0.0
Mg_ecut100_k666_Mg.pbesol-spnl-kjpaw_psl.1.0.0.in,Mg,100,6 6 6,Mg.pbesol-spnl-kjpaw_psl.1.0.0
Mg_ecut100_k666_Mg.pbesol-spnl-rrkjus_psl.1.0.0.in,Mg,100,6 6 6,Mg.pbesol-spnl-rrkjus_psl.1.0.0
Mg_ecut100_k666_Mg.pbe-spnl-kjpaw_psl.1.0.0.in,Mg,100,6 6 6,Mg.pbe-spnl-kjpaw_psl.1.0.0
Mg_ecut100_k666_Mg.pbe-spnl-rrkjus_psl.1.0.0.in,Mg,100,6 6 6,Mg.pbe-spnl-rrkjus_psl.1.0.0
Mg_ecut100_k777_Mg.pbesol-spnl-kjpaw_psl.1.0.0.in,Mg,100,7 7 7,Mg.pbesol-spnl-kjpaw_psl.1.0.0
Mg_ecut100_k777_Mg.pbesol-spnl-rrkjus_psl.1.0.0.in,Mg,100,7 7 7,Mg.pbesol-spnl-rrkjus_psl.1.0.0
Mg_ecut100_k777_Mg.pbe-spnl-kjpaw_psl.1.0.0.in,Mg,100,7 7 7,Mg.pbe-spnl-kjpaw_psl.1.0.0
Mg_ecut100_k777_Mg.pbe-spnl-rrkjus_psl.1.0.0.in,Mg,100,7 7 7,Mg.pbe-spnl-rrkjus_psl.1.0.0
Mg_ecut100_k888_Mg.pbesol-spnl-kjpaw_psl.1.0.0.in,Mg,100,8 8 8,Mg.pbesol-spnl-kjpaw_psl.1.0.0
Mg_ecut100_k888_Mg.pbesol-spnl-rrkjus_psl.1.0.0.in,Mg,100,8 8 8,Mg.pbesol-spnl-rrkjus_psl.1.0.0
Mg_ecut100_k888_Mg.pbe-spnl-kjpaw_psl.1.0.0.in,Mg,100,8 8 8,Mg.pbe-spnl-kjpaw_psl.1.0.0
Mg_ecut100_k888_Mg.pbe-spnl-rrkjus_psl.1.0.0.in,Mg,100,8 8 8,Mg.pbe-spnl-rrkjus_psl.1.0.0
Mg_ecut100_k999_Mg.pbesol-spnl-kjpaw_psl.1.0.0.in,Mg,100,9 9 9,Mg.pbesol-spnl-kjpaw_psl.1.0.0
Mg_ecut100_k999_Mg.pbesol-spnl-rrkjus_psl.1.0.0.in,Mg,100,9 9 9,Mg.pbesol-spnl-rrkjus_psl.1.0.0
Mg_ecut100_k999_Mg.pbe-spnl-kjpaw_psl.1.0.0.in,Mg,100,9 9 9,Mg.pbe-spnl-kjpaw_psl.1.0.0
Mg_ecut100_k999_Mg.pbe-spnl-rrkjus_psl.1.0.0.in,Mg,100,9 9 9,Mg.pbe-spnl-rrkjus_psl.1.0.0
Mg_ecut100_k101010_Mg.pbesol-spnl-kjpaw_psl.1.0.0.in,Mg,100,10 10 10,Mg.pbesol-spnl-kjpaw_psl.1.0.0
Mg_ecut100_k101010_Mg.pbesol-spnl-rrkjus_psl.1.0.0.in,Mg,100,10 10 10,Mg.pbesol-spnl-rrkjus_psl.1.0.0
Mg_ecut100_k101010_Mg.pbe-spnl-kjpaw_psl.1.0.0.in,Mg,100,10 10 10,Mg.pbe-spnl-kjpaw_psl.1.0.0
Mg_ecut100_k101010_Mg.pbe-spnl-rrkjus_psl.1.0.0.in,Mg,100,10 10 10,Mg.pbe-spnl-rrkjus_psl.1.0.0
Mg_ecut100_k111111_Mg.pbesol-spnl-kjpaw_psl.1.0.0.in,Mg,100,11 11 11,Mg.pbesol-spnl-kjpaw_psl.1.0.0
Mg_ecut100_k111111_Mg.pbesol-spnl-rrkjus_psl.1.0.0.in,Mg,100,11 11 11,Mg.pbesol-spnl-rrkjus_psl.1.0.0
Mg_ecut100_k111111_Mg.pbe-spnl-kjpaw_psl.1.0.0.in,Mg,100,11 11 11,Mg.pbe-spnl-kjpaw_psl.1.0.0
Mg_ecut100_k111111_Mg.pbe-spnl-rrkjus_psl.1.0.0.in,Mg,100,11 11 11,Mg.pbe-spnl-rrkjus_psl.1.0.0
