Archivo,Elemento,Ecut,KPoints,Pseudopotencial,Total Energy (Ry)
Cu_ecut10_k111_Cu.pbe-dn-kjpaw_psl.1.0.0.in,Cu,10,1 1 1,Cu.pbe-dn-kjpaw_psl.1.0.0,-202.32200673
Cu_ecut10_k111_Cu.pbe-dn-rrkjus_psl.1.0.0.in,Cu,10,1 1 1,Cu.pbe-dn-rrkjus_psl.1.0.0,-111.9519126
Cu_ecut10_k111_Cu.pbesol-dn-kjpaw_psl.1.0.0.in,Cu,10,1 1 1,Cu.pbesol-dn-kjpaw_psl.1.0.0,-199.61173325
Cu_ecut10_k111_Cu.pbesol-dn-rrkjus_psl.1.0.0.in,Cu,10,1 1 1,Cu.pbesol-dn-rrkjus_psl.1.0.0,-111.58876283
Cu_ecut10_k222_Cu.pbe-dn-kjpaw_psl.1.0.0.in,Cu,10,2 2 2,Cu.pbe-dn-kjpaw_psl.1.0.0,-192.79887512
Cu_ecut10_k222_Cu.pbe-dn-rrkjus_psl.1.0.0.in,Cu,10,2 2 2,Cu.pbe-dn-rrkjus_psl.1.0.0,-102.77999744
Cu_ecut10_k222_Cu.pbesol-dn-kjpaw_psl.1.0.0.in,Cu,10,2 2 2,Cu.pbesol-dn-kjpaw_psl.1.0.0,-190.16913951
Cu_ecut10_k222_Cu.pbesol-dn-rrkjus_psl.1.0.0.in,Cu,10,2 2 2,Cu.pbesol-dn-rrkjus_psl.1.0.0,-102.50118627
Cu_ecut10_k333_Cu.pbe-dn-kjpaw_psl.1.0.0.in,Cu,10,3 3 3,Cu.pbe-dn-kjpaw_psl.1.0.0,-193.79578591
Cu_ecut10_k333_Cu.pbe-dn-rrkjus_psl.1.0.0.in,Cu,10,3 3 3,Cu.pbe-dn-rrkjus_psl.1.0.0,-103.67801678
Cu_ecut10_k333_Cu.pbesol-dn-kjpaw_psl.1.0.0.in,Cu,10,3 3 3,Cu.pbesol-dn-kjpaw_psl.1.0.0,-191.24825389
Cu_ecut10_k333_Cu.pbesol-dn-rrkjus_psl.1.0.0.in,Cu,10,3 3 3,Cu.pbesol-dn-rrkjus_psl.1.0.0,-103.47646725
Cu_ecut10_k444_Cu.pbe-dn-kjpaw_psl.1.0.0.in,Cu,10,4 4 4,Cu.pbe-dn-kjpaw_psl.1.0.0,-193.63442165
Cu_ecut10_k444_Cu.pbe-dn-rrkjus_psl.1.0.0.in,Cu,10,4 4 4,Cu.pbe-dn-rrkjus_psl.1.0.0,-103.54030693
Cu_ecut10_k444_Cu.pbesol-dn-kjpaw_psl.1.0.0.in,Cu,10,4 4 4,Cu.pbesol-dn-kjpaw_psl.1.0.0,-191.11325597
Cu_ecut10_k444_Cu.pbesol-dn-rrkjus_psl.1.0.0.in,Cu,10,4 4 4,Cu.pbesol-dn-rrkjus_psl.1.0.0,-103.36154851
Cu_ecut10_k555_Cu.pbe-dn-kjpaw_psl.1.0.0.in,Cu,10,5 5 5,Cu.pbe-dn-kjpaw_psl.1.0.0,-193.4510441
Cu_ecut10_k555_Cu.pbe-dn-rrkjus_psl.1.0.0.in,Cu,10,5 5 5,Cu.pbe-dn-rrkjus_psl.1.0.0,-103.3340876
Cu_ecut10_k555_Cu.pbesol-dn-kjpaw_psl.1.0.0.in,Cu,10,5 5 5,Cu.pbesol-dn-kjpaw_psl.1.0.0,-191.00956489
Cu_ecut10_k555_Cu.pbesol-dn-rrkjus_psl.1.0.0.in,Cu,10,5 5 5,Cu.pbesol-dn-rrkjus_psl.1.0.0,-103.23340308
Cu_ecut10_k666_Cu.pbe-dn-kjpaw_psl.1.0.0.in,Cu,10,6 6 6,Cu.pbe-dn-kjpaw_psl.1.0.0,-194.02582794
Cu_ecut10_k666_Cu.pbe-dn-rrkjus_psl.1.0.0.in,Cu,10,6 6 6,Cu.pbe-dn-rrkjus_psl.1.0.0,-103.91202706
Cu_ecut10_k666_Cu.pbesol-dn-kjpaw_psl.1.0.0.in,Cu,10,6 6 6,Cu.pbesol-dn-kjpaw_psl.1.0.0,-191.48629609
Cu_ecut10_k666_Cu.pbesol-dn-rrkjus_psl.1.0.0.in,Cu,10,6 6 6,Cu.pbesol-dn-rrkjus_psl.1.0.0,-103.71733077
Cu_ecut10_k777_Cu.pbe-dn-kjpaw_psl.1.0.0.in,Cu,10,7 7 7,Cu.pbe-dn-kjpaw_psl.1.0.0,-193.35313675
Cu_ecut10_k777_Cu.pbe-dn-rrkjus_psl.1.0.0.in,Cu,10,7 7 7,Cu.pbe-dn-rrkjus_psl.1.0.0,-103.25376125
Cu_ecut10_k777_Cu.pbesol-dn-kjpaw_psl.1.0.0.in,Cu,10,7 7 7,Cu.pbesol-dn-kjpaw_psl.1.0.0,-190.82309169
Cu_ecut10_k777_Cu.pbesol-dn-rrkjus_psl.1.0.0.in,Cu,10,7 7 7,Cu.pbesol-dn-rrkjus_psl.1.0.0,-103.06833004
Cu_ecut10_k888_Cu.pbe-dn-kjpaw_psl.1.0.0.in,Cu,10,8 8 8,Cu.pbe-dn-kjpaw_psl.1.0.0,-194.32391538
Cu_ecut10_k888_Cu.pbe-dn-rrkjus_psl.1.0.0.in,Cu,10,8 8 8,Cu.pbe-dn-rrkjus_psl.1.0.0,-104.1956049
Cu_ecut10_k888_Cu.pbesol-dn-kjpaw_psl.1.0.0.in,Cu,10,8 8 8,Cu.pbesol-dn-kjpaw_psl.1.0.0,-191.79347325
Cu_ecut10_k888_Cu.pbesol-dn-rrkjus_psl.1.0.0.in,Cu,10,8 8 8,Cu.pbesol-dn-rrkjus_psl.1.0.0,-104.00964783
Cu_ecut10_k999_Cu.pbe-dn-kjpaw_psl.1.0.0.in,Cu,10,9 9 9,Cu.pbe-dn-kjpaw_psl.1.0.0,-193.75345359
Cu_ecut10_k999_Cu.pbe-dn-rrkjus_psl.1.0.0.in,Cu,10,9 9 9,Cu.pbe-dn-rrkjus_psl.1.0.0,-103.64625119
Cu_ecut10_k999_Cu.pbesol-dn-kjpaw_psl.1.0.0.in,Cu,10,9 9 9,Cu.pbesol-dn-kjpaw_psl.1.0.0,-191.21844143
Cu_ecut10_k999_Cu.pbesol-dn-rrkjus_psl.1.0.0.in,Cu,10,9 9 9,Cu.pbesol-dn-rrkjus_psl.1.0.0,-103.45620438
Cu_ecut10_k101010_Cu.pbe-dn-kjpaw_psl.1.0.0.in,Cu,10,10 10 10,Cu.pbe-dn-kjpaw_psl.1.0.0,-194.02058136
Cu_ecut10_k101010_Cu.pbe-dn-rrkjus_psl.1.0.0.in,Cu,10,10 10 10,Cu.pbe-dn-rrkjus_psl.1.0.0,-103.8993048
Cu_ecut10_k101010_Cu.pbesol-dn-kjpaw_psl.1.0.0.in,Cu,10,10 10 10,Cu.pbesol-dn-kjpaw_psl.1.0.0,-191.48203065
Cu_ecut10_k101010_Cu.pbesol-dn-rrkjus_psl.1.0.0.in,Cu,10,10 10 10,Cu.pbesol-dn-rrkjus_psl.1.0.0,-103.70583992
Cu_ecut10_k111111_Cu.pbe-dn-kjpaw_psl.1.0.0.in,Cu,10,11 11 11,Cu.pbe-dn-kjpaw_psl.1.0.0,-193.99464717
Cu_ecut10_k111111_Cu.pbe-dn-rrkjus_psl.1.0.0.in,Cu,10,11 11 11,Cu.pbe-dn-rrkjus_psl.1.0.0,-103.87912677
Cu_ecut10_k111111_Cu.pbesol-dn-kjpaw_psl.1.0.0.in,Cu,10,11 11 11,Cu.pbesol-dn-kjpaw_psl.1.0.0,-191.4561093
Cu_ecut10_k111111_Cu.pbesol-dn-rrkjus_psl.1.0.0.in,Cu,10,11 11 11,Cu.pbesol-dn-rrkjus_psl.1.0.0,-103.68565294
Cu_ecut15_k111_Cu.pbe-dn-kjpaw_psl.1.0.0.in,Cu,15,1 1 1,Cu.pbe-dn-kjpaw_psl.1.0.0,-207.10458544
Cu_ecut15_k111_Cu.pbe-dn-rrkjus_psl.1.0.0.in,Cu,15,1 1 1,Cu.pbe-dn-rrkjus_psl.1.0.0,-116.70464357
Cu_ecut15_k111_Cu.pbesol-dn-kjpaw_psl.1.0.0.in,Cu,15,1 1 1,Cu.pbesol-dn-kjpaw_psl.1.0.0,-204.39995261
Cu_ecut15_k111_Cu.pbesol-dn-rrkjus_psl.1.0.0.in,Cu,15,1 1 1,Cu.pbesol-dn-rrkjus_psl.1.0.0,-116.34368789
Cu_ecut15_k222_Cu.pbe-dn-kjpaw_psl.1.0.0.in,Cu,15,2 2 2,Cu.pbe-dn-kjpaw_psl.1.0.0,-207.30690708
Cu_ecut15_k222_Cu.pbe-dn-rrkjus_psl.1.0.0.in,Cu,15,2 2 2,Cu.pbe-dn-rrkjus_psl.1.0.0,-116.95353818
Cu_ecut15_k222_Cu.pbesol-dn-kjpaw_psl.1.0.0.in,Cu,15,2 2 2,Cu.pbesol-dn-kjpaw_psl.1.0.0,-204.56973721
Cu_ecut15_k222_Cu.pbesol-dn-rrkjus_psl.1.0.0.in,Cu,15,2 2 2,Cu.pbesol-dn-rrkjus_psl.1.0.0,-116.55994315
Cu_ecut15_k333_Cu.pbe-dn-kjpaw_psl.1.0.0.in,Cu,15,3 3 3,Cu.pbe-dn-kjpaw_psl.1.0.0,-208.08549464
Cu_ecut15_k333_Cu.pbe-dn-rrkjus_psl.1.0.0.in,Cu,15,3 3 3,Cu.pbe-dn-rrkjus_psl.1.0.0,-117.70273021
Cu_ecut15_k333_Cu.pbesol-dn-kjpaw_psl.1.0.0.in,Cu,15,3 3 3,Cu.pbesol-dn-kjpaw_psl.1.0.0,-205.35552808
Cu_ecut15_k333_Cu.pbesol-dn-rrkjus_psl.1.0.0.in,Cu,15,3 3 3,Cu.pbesol-dn-rrkjus_psl.1.0.0,-117.31590963
Cu_ecut15_k444_Cu.pbe-dn-kjpaw_psl.1.0.0.in,Cu,15,4 4 4,Cu.pbe-dn-kjpaw_psl.1.0.0,-208.18228014
Cu_ecut15_k444_Cu.pbe-dn-rrkjus_psl.1.0.0.in,Cu,15,4 4 4,Cu.pbe-dn-rrkjus_psl.1.0.0,-117.80301665
Cu_ecut15_k444_Cu.pbesol-dn-kjpaw_psl.1.0.0.in,Cu,15,4 4 4,Cu.pbesol-dn-kjpaw_psl.1.0.0,-205.45079425
Cu_ecut15_k444_Cu.pbesol-dn-rrkjus_psl.1.0.0.in,Cu,15,4 4 4,Cu.pbesol-dn-rrkjus_psl.1.0.0,-117.41464853
Cu_ecut15_k555_Cu.pbe-dn-kjpaw_psl.1.0.0.in,Cu,15,5 5 5,Cu.pbe-dn-kjpaw_psl.1.0.0,-208.29324671
Cu_ecut15_k555_Cu.pbe-dn-rrkjus_psl.1.0.0.in,Cu,15,5 5 5,Cu.pbe-dn-rrkjus_psl.1.0.0,-117.91183879
Cu_ecut15_k555_Cu.pbesol-dn-kjpaw_psl.1.0.0.in,Cu,15,5 5 5,Cu.pbesol-dn-kjpaw_psl.1.0.0,-205.56183939
Cu_ecut15_k555_Cu.pbesol-dn-rrkjus_psl.1.0.0.in,Cu,15,5 5 5,Cu.pbesol-dn-rrkjus_psl.1.0.0,-117.52383552
Cu_ecut15_k666_Cu.pbe-dn-kjpaw_psl.1.0.0.in,Cu,15,6 6 6,Cu.pbe-dn-kjpaw_psl.1.0.0,-208.11519967
Cu_ecut15_k666_Cu.pbe-dn-rrkjus_psl.1.0.0.in,Cu,15,6 6 6,Cu.pbe-dn-rrkjus_psl.1.0.0,-117.73573615
Cu_ecut15_k666_Cu.pbesol-dn-kjpaw_psl.1.0.0.in,Cu,15,6 6 6,Cu.pbesol-dn-kjpaw_psl.1.0.0,-205.38517954
Cu_ecut15_k666_Cu.pbesol-dn-rrkjus_psl.1.0.0.in,Cu,15,6 6 6,Cu.pbesol-dn-rrkjus_psl.1.0.0,-117.34884103
Cu_ecut15_k777_Cu.pbe-dn-kjpaw_psl.1.0.0.in,Cu,15,7 7 7,Cu.pbe-dn-kjpaw_psl.1.0.0,-208.16327394
Cu_ecut15_k777_Cu.pbe-dn-rrkjus_psl.1.0.0.in,Cu,15,7 7 7,Cu.pbe-dn-rrkjus_psl.1.0.0,-117.78329789
Cu_ecut15_k777_Cu.pbesol-dn-kjpaw_psl.1.0.0.in,Cu,15,7 7 7,Cu.pbesol-dn-kjpaw_psl.1.0.0,-205.43311538
Cu_ecut15_k777_Cu.pbesol-dn-rrkjus_psl.1.0.0.in,Cu,15,7 7 7,Cu.pbesol-dn-rrkjus_psl.1.0.0,-117.39620941
Cu_ecut15_k888_Cu.pbe-dn-kjpaw_psl.1.0.0.in,Cu,15,8 8 8,Cu.pbe-dn-kjpaw_psl.1.0.0,-208.11731039
Cu_ecut15_k888_Cu.pbe-dn-rrkjus_psl.1.0.0.in,Cu,15,8 8 8,Cu.pbe-dn-rrkjus_psl.1.0.0,-117.73754054
Cu_ecut15_k888_Cu.pbesol-dn-kjpaw_psl.1.0.0.in,Cu,15,8 8 8,Cu.pbesol-dn-kjpaw_psl.1.0.0,-205.38728461
Cu_ecut15_k888_Cu.pbesol-dn-rrkjus_psl.1.0.0.in,Cu,15,8 8 8,Cu.pbesol-dn-rrkjus_psl.1.0.0,-117.35061507
Cu_ecut15_k999_Cu.pbe-dn-kjpaw_psl.1.0.0.in,Cu,15,9 9 9,Cu.pbe-dn-kjpaw_psl.1.0.0,-208.15116044
Cu_ecut15_k999_Cu.pbe-dn-rrkjus_psl.1.0.0.in,Cu,15,9 9 9,Cu.pbe-dn-rrkjus_psl.1.0.0,-117.77093862
Cu_ecut15_k999_Cu.pbesol-dn-kjpaw_psl.1.0.0.in,Cu,15,9 9 9,Cu.pbesol-dn-kjpaw_psl.1.0.0,-205.42093865
Cu_ecut15_k999_Cu.pbesol-dn-rrkjus_psl.1.0.0.in,Cu,15,9 9 9,Cu.pbesol-dn-rrkjus_psl.1.0.0,-117.38382584
Cu_ecut15_k101010_Cu.pbe-dn-kjpaw_psl.1.0.0.in,Cu,15,10 10 10,Cu.pbe-dn-kjpaw_psl.1.0.0,-208.177712
Cu_ecut15_k101010_Cu.pbe-dn-rrkjus_psl.1.0.0.in,Cu,15,10 10 10,Cu.pbe-dn-rrkjus_psl.1.0.0,-117.79780523
Cu_ecut15_k101010_Cu.pbesol-dn-kjpaw_psl.1.0.0.in,Cu,15,10 10 10,Cu.pbesol-dn-kjpaw_psl.1.0.0,-205.44676185
Cu_ecut15_k101010_Cu.pbesol-dn-rrkjus_psl.1.0.0.in,Cu,15,10 10 10,Cu.pbesol-dn-rrkjus_psl.1.0.0,-117.41002401
Cu_ecut15_k111111_Cu.pbe-dn-kjpaw_psl.1.0.0.in,Cu,15,11 11 11,Cu.pbe-dn-kjpaw_psl.1.0.0,-208.13940046
Cu_ecut15_k111111_Cu.pbe-dn-rrkjus_psl.1.0.0.in,Cu,15,11 11 11,Cu.pbe-dn-rrkjus_psl.1.0.0,-117.75931072
Cu_ecut15_k111111_Cu.pbesol-dn-kjpaw_psl.1.0.0.in,Cu,15,11 11 11,Cu.pbesol-dn-kjpaw_psl.1.0.0,-205.40903406
Cu_ecut15_k111111_Cu.pbesol-dn-rrkjus_psl.1.0.0.in,Cu,15,11 11 11,Cu.pbesol-dn-rrkjus_psl.1.0.0,-117.37211798
Cu_ecut20_k111_Cu.pbe-dn-kjpaw_psl.1.0.0.in,Cu,20,1 1 1,Cu.pbe-dn-kjpaw_psl.1.0.0,-212.48042297
Cu_ecut20_k111_Cu.pbe-dn-rrkjus_psl.1.0.0.in,Cu,20,1 1 1,Cu.pbe-dn-rrkjus_psl.1.0.0,-122.11549923
Cu_ecut20_k111_Cu.pbesol-dn-kjpaw_psl.1.0.0.in,Cu,20,1 1 1,Cu.pbesol-dn-kjpaw_psl.1.0.0,-209.79101669
Cu_ecut20_k111_Cu.pbesol-dn-rrkjus_psl.1.0.0.in,Cu,20,1 1 1,Cu.pbesol-dn-rrkjus_psl.1.0.0,-121.76636956
Cu_ecut20_k222_Cu.pbe-dn-kjpaw_psl.1.0.0.in,Cu,20,2 2 2,Cu.pbe-dn-kjpaw_psl.1.0.0,-211.89665856
Cu_ecut20_k222_Cu.pbe-dn-rrkjus_psl.1.0.0.in,Cu,20,2 2 2,Cu.pbe-dn-rrkjus_psl.1.0.0,-121.53236969
Cu_ecut20_k222_Cu.pbesol-dn-kjpaw_psl.1.0.0.in,Cu,20,2 2 2,Cu.pbesol-dn-kjpaw_psl.1.0.0,-209.2046577
Cu_ecut20_k222_Cu.pbesol-dn-rrkjus_psl.1.0.0.in,Cu,20,2 2 2,Cu.pbesol-dn-rrkjus_psl.1.0.0,-121.1800639
Cu_ecut20_k333_Cu.pbe-dn-kjpaw_psl.1.0.0.in,Cu,20,3 3 3,Cu.pbe-dn-kjpaw_psl.1.0.0,-212.12349203
Cu_ecut20_k333_Cu.pbe-dn-rrkjus_psl.1.0.0.in,Cu,20,3 3 3,Cu.pbe-dn-rrkjus_psl.1.0.0,-121.76037583
Cu_ecut20_k333_Cu.pbesol-dn-kjpaw_psl.1.0.0.in,Cu,20,3 3 3,Cu.pbesol-dn-kjpaw_psl.1.0.0,-209.42239744
Cu_ecut20_k333_Cu.pbesol-dn-rrkjus_psl.1.0.0.in,Cu,20,3 3 3,Cu.pbesol-dn-rrkjus_psl.1.0.0,-121.39905543
Cu_ecut20_k444_Cu.pbe-dn-kjpaw_psl.1.0.0.in,Cu,20,4 4 4,Cu.pbe-dn-kjpaw_psl.1.0.0,-212.00081922
Cu_ecut20_k444_Cu.pbe-dn-rrkjus_psl.1.0.0.in,Cu,20,4 4 4,Cu.pbe-dn-rrkjus_psl.1.0.0,-121.63825964
Cu_ecut20_k444_Cu.pbesol-dn-kjpaw_psl.1.0.0.in,Cu,20,4 4 4,Cu.pbesol-dn-kjpaw_psl.1.0.0,-209.2976678
Cu_ecut20_k444_Cu.pbesol-dn-rrkjus_psl.1.0.0.in,Cu,20,4 4 4,Cu.pbesol-dn-rrkjus_psl.1.0.0,-121.27522785
Cu_ecut20_k555_Cu.pbe-dn-kjpaw_psl.1.0.0.in,Cu,20,5 5 5,Cu.pbe-dn-kjpaw_psl.1.0.0,-212.04016825
Cu_ecut20_k555_Cu.pbe-dn-rrkjus_psl.1.0.0.in,Cu,20,5 5 5,Cu.pbe-dn-rrkjus_psl.1.0.0,-121.67657582
Cu_ecut20_k555_Cu.pbesol-dn-kjpaw_psl.1.0.0.in,Cu,20,5 5 5,Cu.pbesol-dn-kjpaw_psl.1.0.0,-209.33627335
Cu_ecut20_k555_Cu.pbesol-dn-rrkjus_psl.1.0.0.in,Cu,20,5 5 5,Cu.pbesol-dn-rrkjus_psl.1.0.0,-121.31248982
Cu_ecut20_k666_Cu.pbe-dn-kjpaw_psl.1.0.0.in,Cu,20,6 6 6,Cu.pbe-dn-kjpaw_psl.1.0.0,-211.99474251
Cu_ecut20_k666_Cu.pbe-dn-rrkjus_psl.1.0.0.in,Cu,20,6 6 6,Cu.pbe-dn-rrkjus_psl.1.0.0,-121.63160658
Cu_ecut20_k666_Cu.pbesol-dn-kjpaw_psl.1.0.0.in,Cu,20,6 6 6,Cu.pbesol-dn-kjpaw_psl.1.0.0,-209.28951236
Cu_ecut20_k666_Cu.pbesol-dn-rrkjus_psl.1.0.0.in,Cu,20,6 6 6,Cu.pbesol-dn-rrkjus_psl.1.0.0,-121.26641717
Cu_ecut20_k777_Cu.pbe-dn-kjpaw_psl.1.0.0.in,Cu,20,7 7 7,Cu.pbe-dn-kjpaw_psl.1.0.0,-212.01476977
Cu_ecut20_k777_Cu.pbe-dn-rrkjus_psl.1.0.0.in,Cu,20,7 7 7,Cu.pbe-dn-rrkjus_psl.1.0.0,-121.65116418
Cu_ecut20_k777_Cu.pbesol-dn-kjpaw_psl.1.0.0.in,Cu,20,7 7 7,Cu.pbesol-dn-kjpaw_psl.1.0.0,-209.31053806
Cu_ecut20_k777_Cu.pbesol-dn-rrkjus_psl.1.0.0.in,Cu,20,7 7 7,Cu.pbesol-dn-rrkjus_psl.1.0.0,-121.28683955
Cu_ecut20_k888_Cu.pbe-dn-kjpaw_psl.1.0.0.in,Cu,20,8 8 8,Cu.pbe-dn-kjpaw_psl.1.0.0,-212.02302138
Cu_ecut20_k888_Cu.pbe-dn-rrkjus_psl.1.0.0.in,Cu,20,8 8 8,Cu.pbe-dn-rrkjus_psl.1.0.0,-121.65998533
Cu_ecut20_k888_Cu.pbesol-dn-kjpaw_psl.1.0.0.in,Cu,20,8 8 8,Cu.pbesol-dn-kjpaw_psl.1.0.0,-209.31846718
Cu_ecut20_k888_Cu.pbesol-dn-rrkjus_psl.1.0.0.in,Cu,20,8 8 8,Cu.pbesol-dn-rrkjus_psl.1.0.0,-121.29547232
Cu_ecut20_k999_Cu.pbe-dn-kjpaw_psl.1.0.0.in,Cu,20,9 9 9,Cu.pbe-dn-kjpaw_psl.1.0.0,-212.02258891
Cu_ecut20_k999_Cu.pbe-dn-rrkjus_psl.1.0.0.in,Cu,20,9 9 9,Cu.pbe-dn-rrkjus_psl.1.0.0,-121.65940685
Cu_ecut20_k999_Cu.pbesol-dn-kjpaw_psl.1.0.0.in,Cu,20,9 9 9,Cu.pbesol-dn-kjpaw_psl.1.0.0,-209.3188413
Cu_ecut20_k999_Cu.pbesol-dn-rrkjus_psl.1.0.0.in,Cu,20,9 9 9,Cu.pbesol-dn-rrkjus_psl.1.0.0,-121.2955288
Cu_ecut20_k101010_Cu.pbe-dn-kjpaw_psl.1.0.0.in,Cu,20,10 10 10,Cu.pbe-dn-kjpaw_psl.1.0.0,-212.02964438
Cu_ecut20_k101010_Cu.pbe-dn-rrkjus_psl.1.0.0.in,Cu,20,10 10 10,Cu.pbe-dn-rrkjus_psl.1.0.0,-121.66632139
Cu_ecut20_k101010_Cu.pbesol-dn-kjpaw_psl.1.0.0.in,Cu,20,10 10 10,Cu.pbesol-dn-kjpaw_psl.1.0.0,-209.32552428
Cu_ecut20_k101010_Cu.pbesol-dn-rrkjus_psl.1.0.0.in,Cu,20,10 10 10,Cu.pbesol-dn-rrkjus_psl.1.0.0,-121.3021197
Cu_ecut20_k111111_Cu.pbe-dn-kjpaw_psl.1.0.0.in,Cu,20,11 11 11,Cu.pbe-dn-kjpaw_psl.1.0.0,-212.03333958
Cu_ecut20_k111111_Cu.pbe-dn-rrkjus_psl.1.0.0.in,Cu,20,11 11 11,Cu.pbe-dn-rrkjus_psl.1.0.0,-121.67017024
Cu_ecut20_k111111_Cu.pbesol-dn-kjpaw_psl.1.0.0.in,Cu,20,11 11 11,Cu.pbesol-dn-kjpaw_psl.1.0.0,-209.32974978
Cu_ecut20_k111111_Cu.pbesol-dn-rrkjus_psl.1.0.0.in,Cu,20,11 11 11,Cu.pbesol-dn-rrkjus_psl.1.0.0,-121.30640789
Cu_ecut25_k111_Cu.pbe-dn-kjpaw_psl.1.0.0.in,Cu,25,1 1 1,Cu.pbe-dn-kjpaw_psl.1.0.0,-213.63984672
Cu_ecut25_k111_Cu.pbe-dn-rrkjus_psl.1.0.0.in,Cu,25,1 1 1,Cu.pbe-dn-rrkjus_psl.1.0.0,-123.29085829
Cu_ecut25_k111_Cu.pbesol-dn-kjpaw_psl.1.0.0.in,Cu,25,1 1 1,Cu.pbesol-dn-kjpaw_psl.1.0.0,-210.95725063
Cu_ecut25_k111_Cu.pbesol-dn-rrkjus_psl.1.0.0.in,Cu,25,1 1 1,Cu.pbesol-dn-rrkjus_psl.1.0.0,-122.94774222
Cu_ecut25_k222_Cu.pbe-dn-kjpaw_psl.1.0.0.in,Cu,25,2 2 2,Cu.pbe-dn-kjpaw_psl.1.0.0,-212.76050234
Cu_ecut25_k222_Cu.pbe-dn-rrkjus_psl.1.0.0.in,Cu,25,2 2 2,Cu.pbe-dn-rrkjus_psl.1.0.0,-122.4089137
Cu_ecut25_k222_Cu.pbesol-dn-kjpaw_psl.1.0.0.in,Cu,25,2 2 2,Cu.pbesol-dn-kjpaw_psl.1.0.0,-210.07602952
Cu_ecut25_k222_Cu.pbesol-dn-rrkjus_psl.1.0.0.in,Cu,25,2 2 2,Cu.pbesol-dn-rrkjus_psl.1.0.0,-122.06368914
Cu_ecut25_k333_Cu.pbe-dn-kjpaw_psl.1.0.0.in,Cu,25,3 3 3,Cu.pbe-dn-kjpaw_psl.1.0.0,-212.92131171
Cu_ecut25_k333_Cu.pbe-dn-rrkjus_psl.1.0.0.in,Cu,25,3 3 3,Cu.pbe-dn-rrkjus_psl.1.0.0,-122.56926206
Cu_ecut25_k333_Cu.pbesol-dn-kjpaw_psl.1.0.0.in,Cu,25,3 3 3,Cu.pbesol-dn-kjpaw_psl.1.0.0,-210.23217181
Cu_ecut25_k333_Cu.pbesol-dn-rrkjus_psl.1.0.0.in,Cu,25,3 3 3,Cu.pbesol-dn-rrkjus_psl.1.0.0,-122.21942916
Cu_ecut25_k444_Cu.pbe-dn-kjpaw_psl.1.0.0.in,Cu,25,4 4 4,Cu.pbe-dn-kjpaw_psl.1.0.0,-212.88326354
Cu_ecut25_k444_Cu.pbe-dn-rrkjus_psl.1.0.0.in,Cu,25,4 4 4,Cu.pbe-dn-rrkjus_psl.1.0.0,-122.53096384
Cu_ecut25_k444_Cu.pbesol-dn-kjpaw_psl.1.0.0.in,Cu,25,4 4 4,Cu.pbesol-dn-kjpaw_psl.1.0.0,-210.19052913
Cu_ecut25_k444_Cu.pbesol-dn-rrkjus_psl.1.0.0.in,Cu,25,4 4 4,Cu.pbesol-dn-rrkjus_psl.1.0.0,-122.17753271
Cu_ecut25_k555_Cu.pbe-dn-kjpaw_psl.1.0.0.in,Cu,25,5 5 5,Cu.pbe-dn-kjpaw_psl.1.0.0,-212.88578415
Cu_ecut25_k555_Cu.pbe-dn-rrkjus_psl.1.0.0.in,Cu,25,5 5 5,Cu.pbe-dn-rrkjus_psl.1.0.0,-122.53322544
Cu_ecut25_k555_Cu.pbesol-dn-kjpaw_psl.1.0.0.in,Cu,25,5 5 5,Cu.pbesol-dn-kjpaw_psl.1.0.0,-210.19409186
Cu_ecut25_k555_Cu.pbesol-dn-rrkjus_psl.1.0.0.in,Cu,25,5 5 5,Cu.pbesol-dn-rrkjus_psl.1.0.0,-122.18091812
Cu_ecut25_k666_Cu.pbe-dn-kjpaw_psl.1.0.0.in,Cu,25,6 6 6,Cu.pbe-dn-kjpaw_psl.1.0.0,-212.87616402
Cu_ecut25_k666_Cu.pbe-dn-rrkjus_psl.1.0.0.in,Cu,25,6 6 6,Cu.pbe-dn-rrkjus_psl.1.0.0,-122.52384228
Cu_ecut25_k666_Cu.pbesol-dn-kjpaw_psl.1.0.0.in,Cu,25,6 6 6,Cu.pbesol-dn-kjpaw_psl.1.0.0,-210.18549447
Cu_ecut25_k666_Cu.pbesol-dn-rrkjus_psl.1.0.0.in,Cu,25,6 6 6,Cu.pbesol-dn-rrkjus_psl.1.0.0,-122.17247682
Cu_ecut25_k777_Cu.pbe-dn-kjpaw_psl.1.0.0.in,Cu,25,7 7 7,Cu.pbe-dn-kjpaw_psl.1.0.0,-212.88658186
Cu_ecut25_k777_Cu.pbe-dn-rrkjus_psl.1.0.0.in,Cu,25,7 7 7,Cu.pbe-dn-rrkjus_psl.1.0.0,-122.53404222
Cu_ecut25_k777_Cu.pbesol-dn-kjpaw_psl.1.0.0.in,Cu,25,7 7 7,Cu.pbesol-dn-kjpaw_psl.1.0.0,-210.19428994
Cu_ecut25_k777_Cu.pbesol-dn-rrkjus_psl.1.0.0.in,Cu,25,7 7 7,Cu.pbesol-dn-rrkjus_psl.1.0.0,-122.18102593
Cu_ecut25_k888_Cu.pbe-dn-kjpaw_psl.1.0.0.in,Cu,25,8 8 8,Cu.pbe-dn-kjpaw_psl.1.0.0,-212.88032577
Cu_ecut25_k888_Cu.pbe-dn-rrkjus_psl.1.0.0.in,Cu,25,8 8 8,Cu.pbe-dn-rrkjus_psl.1.0.0,-122.52796805
Cu_ecut25_k888_Cu.pbesol-dn-kjpaw_psl.1.0.0.in,Cu,25,8 8 8,Cu.pbesol-dn-kjpaw_psl.1.0.0,-210.18903903
Cu_ecut25_k888_Cu.pbesol-dn-rrkjus_psl.1.0.0.in,Cu,25,8 8 8,Cu.pbesol-dn-rrkjus_psl.1.0.0,-122.17599997
Cu_ecut25_k999_Cu.pbe-dn-kjpaw_psl.1.0.0.in,Cu,25,9 9 9,Cu.pbe-dn-kjpaw_psl.1.0.0,-212.88898647
Cu_ecut25_k999_Cu.pbe-dn-rrkjus_psl.1.0.0.in,Cu,25,9 9 9,Cu.pbe-dn-rrkjus_psl.1.0.0,-122.53656042
Cu_ecut25_k999_Cu.pbesol-dn-kjpaw_psl.1.0.0.in,Cu,25,9 9 9,Cu.pbesol-dn-kjpaw_psl.1.0.0,-210.19771796
Cu_ecut25_k999_Cu.pbesol-dn-rrkjus_psl.1.0.0.in,Cu,25,9 9 9,Cu.pbesol-dn-rrkjus_psl.1.0.0,-122.18455609
Cu_ecut25_k101010_Cu.pbe-dn-kjpaw_psl.1.0.0.in,Cu,25,10 10 10,Cu.pbe-dn-kjpaw_psl.1.0.0,-212.88467869
Cu_ecut25_k101010_Cu.pbe-dn-rrkjus_psl.1.0.0.in,Cu,25,10 10 10,Cu.pbe-dn-rrkjus_psl.1.0.0,-122.53233469
Cu_ecut25_k101010_Cu.pbesol-dn-kjpaw_psl.1.0.0.in,Cu,25,10 10 10,Cu.pbesol-dn-kjpaw_psl.1.0.0,-210.19395004
Cu_ecut25_k101010_Cu.pbesol-dn-rrkjus_psl.1.0.0.in,Cu,25,10 10 10,Cu.pbesol-dn-rrkjus_psl.1.0.0,-122.18090876
Cu_ecut25_k111111_Cu.pbe-dn-kjpaw_psl.1.0.0.in,Cu,25,11 11 11,Cu.pbe-dn-kjpaw_psl.1.0.0,-212.88668287
Cu_ecut25_k111111_Cu.pbe-dn-rrkjus_psl.1.0.0.in,Cu,25,11 11 11,Cu.pbe-dn-rrkjus_psl.1.0.0,-122.53433923
Cu_ecut25_k111111_Cu.pbesol-dn-kjpaw_psl.1.0.0.in,Cu,25,11 11 11,Cu.pbesol-dn-kjpaw_psl.1.0.0,-210.19589082
Cu_ecut25_k111111_Cu.pbesol-dn-rrkjus_psl.1.0.0.in,Cu,25,11 11 11,Cu.pbesol-dn-rrkjus_psl.1.0.0,-122.18284079
Cu_ecut30_k111_Cu.pbe-dn-kjpaw_psl.1.0.0.in,Cu,30,1 1 1,Cu.pbe-dn-kjpaw_psl.1.0.0,-213.73892442
Cu_ecut30_k111_Cu.pbe-dn-rrkjus_psl.1.0.0.in,Cu,30,1 1 1,Cu.pbe-dn-rrkjus_psl.1.0.0,-123.39077235
Cu_ecut30_k111_Cu.pbesol-dn-kjpaw_psl.1.0.0.in,Cu,30,1 1 1,Cu.pbesol-dn-kjpaw_psl.1.0.0,-211.0586455
Cu_ecut30_k111_Cu.pbesol-dn-rrkjus_psl.1.0.0.in,Cu,30,1 1 1,Cu.pbesol-dn-rrkjus_psl.1.0.0,-123.05030834
Cu_ecut30_k222_Cu.pbe-dn-kjpaw_psl.1.0.0.in,Cu,30,2 2 2,Cu.pbe-dn-kjpaw_psl.1.0.0,-212.89424832
Cu_ecut30_k222_Cu.pbe-dn-rrkjus_psl.1.0.0.in,Cu,30,2 2 2,Cu.pbe-dn-rrkjus_psl.1.0.0,-122.5445105
Cu_ecut30_k222_Cu.pbesol-dn-kjpaw_psl.1.0.0.in,Cu,30,2 2 2,Cu.pbesol-dn-kjpaw_psl.1.0.0,-210.21285598
Cu_ecut30_k222_Cu.pbesol-dn-rrkjus_psl.1.0.0.in,Cu,30,2 2 2,Cu.pbesol-dn-rrkjus_psl.1.0.0,-122.20240413
Cu_ecut30_k333_Cu.pbe-dn-kjpaw_psl.1.0.0.in,Cu,30,3 3 3,Cu.pbe-dn-kjpaw_psl.1.0.0,-213.0652259
Cu_ecut30_k333_Cu.pbe-dn-rrkjus_psl.1.0.0.in,Cu,30,3 3 3,Cu.pbe-dn-rrkjus_psl.1.0.0,-122.71509002
Cu_ecut30_k333_Cu.pbesol-dn-kjpaw_psl.1.0.0.in,Cu,30,3 3 3,Cu.pbesol-dn-kjpaw_psl.1.0.0,-210.38095033
Cu_ecut30_k333_Cu.pbesol-dn-rrkjus_psl.1.0.0.in,Cu,30,3 3 3,Cu.pbesol-dn-rrkjus_psl.1.0.0,-122.37006492
Cu_ecut30_k444_Cu.pbe-dn-kjpaw_psl.1.0.0.in,Cu,30,4 4 4,Cu.pbe-dn-kjpaw_psl.1.0.0,-213.02826507
Cu_ecut30_k444_Cu.pbe-dn-rrkjus_psl.1.0.0.in,Cu,30,4 4 4,Cu.pbe-dn-rrkjus_psl.1.0.0,-122.67814801
Cu_ecut30_k444_Cu.pbesol-dn-kjpaw_psl.1.0.0.in,Cu,30,4 4 4,Cu.pbesol-dn-kjpaw_psl.1.0.0,-210.34270736
Cu_ecut30_k444_Cu.pbesol-dn-rrkjus_psl.1.0.0.in,Cu,30,4 4 4,Cu.pbesol-dn-rrkjus_psl.1.0.0,-122.33183835
Cu_ecut30_k555_Cu.pbe-dn-kjpaw_psl.1.0.0.in,Cu,30,5 5 5,Cu.pbe-dn-kjpaw_psl.1.0.0,-213.0463177
Cu_ecut30_k555_Cu.pbe-dn-rrkjus_psl.1.0.0.in,Cu,30,5 5 5,Cu.pbe-dn-rrkjus_psl.1.0.0,-122.69598671
Cu_ecut30_k555_Cu.pbesol-dn-kjpaw_psl.1.0.0.in,Cu,30,5 5 5,Cu.pbesol-dn-kjpaw_psl.1.0.0,-210.35980041
Cu_ecut30_k555_Cu.pbesol-dn-rrkjus_psl.1.0.0.in,Cu,30,5 5 5,Cu.pbesol-dn-rrkjus_psl.1.0.0,-122.34885668
Cu_ecut30_k666_Cu.pbe-dn-kjpaw_psl.1.0.0.in,Cu,30,6 6 6,Cu.pbe-dn-kjpaw_psl.1.0.0,-213.03584616
Cu_ecut30_k666_Cu.pbe-dn-rrkjus_psl.1.0.0.in,Cu,30,6 6 6,Cu.pbe-dn-rrkjus_psl.1.0.0,-122.68570363
Cu_ecut30_k666_Cu.pbesol-dn-kjpaw_psl.1.0.0.in,Cu,30,6 6 6,Cu.pbesol-dn-kjpaw_psl.1.0.0,-210.3507528
Cu_ecut30_k666_Cu.pbesol-dn-rrkjus_psl.1.0.0.in,Cu,30,6 6 6,Cu.pbesol-dn-rrkjus_psl.1.0.0,-122.3399047
Cu_ecut30_k777_Cu.pbe-dn-kjpaw_psl.1.0.0.in,Cu,30,7 7 7,Cu.pbe-dn-kjpaw_psl.1.0.0,-213.04350231
Cu_ecut30_k777_Cu.pbe-dn-rrkjus_psl.1.0.0.in,Cu,30,7 7 7,Cu.pbe-dn-rrkjus_psl.1.0.0,-122.69326665
Cu_ecut30_k777_Cu.pbesol-dn-kjpaw_psl.1.0.0.in,Cu,30,7 7 7,Cu.pbesol-dn-kjpaw_psl.1.0.0,-210.35786614
Cu_ecut30_k777_Cu.pbesol-dn-rrkjus_psl.1.0.0.in,Cu,30,7 7 7,Cu.pbesol-dn-rrkjus_psl.1.0.0,-122.34688281
Cu_ecut30_k888_Cu.pbe-dn-kjpaw_psl.1.0.0.in,Cu,30,8 8 8,Cu.pbe-dn-kjpaw_psl.1.0.0,-213.03632178
Cu_ecut30_k888_Cu.pbe-dn-rrkjus_psl.1.0.0.in,Cu,30,8 8 8,Cu.pbe-dn-rrkjus_psl.1.0.0,-122.68615142
Cu_ecut30_k888_Cu.pbesol-dn-kjpaw_psl.1.0.0.in,Cu,30,8 8 8,Cu.pbesol-dn-kjpaw_psl.1.0.0,-210.35064782
Cu_ecut30_k888_Cu.pbesol-dn-rrkjus_psl.1.0.0.in,Cu,30,8 8 8,Cu.pbesol-dn-rrkjus_psl.1.0.0,-122.33977728
Cu_ecut30_k999_Cu.pbe-dn-kjpaw_psl.1.0.0.in,Cu,30,9 9 9,Cu.pbe-dn-kjpaw_psl.1.0.0,-213.04069446
Cu_ecut30_k999_Cu.pbe-dn-rrkjus_psl.1.0.0.in,Cu,30,9 9 9,Cu.pbe-dn-rrkjus_psl.1.0.0,-122.69049279
Cu_ecut30_k999_Cu.pbesol-dn-kjpaw_psl.1.0.0.in,Cu,30,9 9 9,Cu.pbesol-dn-kjpaw_psl.1.0.0,-210.35533384
Cu_ecut30_k999_Cu.pbesol-dn-rrkjus_psl.1.0.0.in,Cu,30,9 9 9,Cu.pbesol-dn-rrkjus_psl.1.0.0,-122.34441242
Cu_ecut30_k101010_Cu.pbe-dn-kjpaw_psl.1.0.0.in,Cu,30,10 10 10,Cu.pbe-dn-kjpaw_psl.1.0.0,-213.03732392
Cu_ecut30_k101010_Cu.pbe-dn-rrkjus_psl.1.0.0.in,Cu,30,10 10 10,Cu.pbe-dn-rrkjus_psl.1.0.0,-122.68715735
Cu_ecut30_k101010_Cu.pbesol-dn-kjpaw_psl.1.0.0.in,Cu,30,10 10 10,Cu.pbesol-dn-kjpaw_psl.1.0.0,-210.35201046
Cu_ecut30_k101010_Cu.pbesol-dn-rrkjus_psl.1.0.0.in,Cu,30,10 10 10,Cu.pbesol-dn-rrkjus_psl.1.0.0,-122.34113943
Cu_ecut30_k111111_Cu.pbe-dn-kjpaw_psl.1.0.0.in,Cu,30,11 11 11,Cu.pbe-dn-kjpaw_psl.1.0.0,-213.03910385
Cu_ecut30_k111111_Cu.pbe-dn-rrkjus_psl.1.0.0.in,Cu,30,11 11 11,Cu.pbe-dn-rrkjus_psl.1.0.0,-122.68892859
Cu_ecut30_k111111_Cu.pbesol-dn-kjpaw_psl.1.0.0.in,Cu,30,11 11 11,Cu.pbesol-dn-kjpaw_psl.1.0.0,-210.35375954
Cu_ecut30_k111111_Cu.pbesol-dn-rrkjus_psl.1.0.0.in,Cu,30,11 11 11,Cu.pbesol-dn-rrkjus_psl.1.0.0,-122.34287748
Cu_ecut35_k111_Cu.pbe-dn-kjpaw_psl.1.0.0.in,Cu,35,1 1 1,Cu.pbe-dn-kjpaw_psl.1.0.0,-213.76757542
Cu_ecut35_k111_Cu.pbe-dn-rrkjus_psl.1.0.0.in,Cu,35,1 1 1,Cu.pbe-dn-rrkjus_psl.1.0.0,-123.42052183
Cu_ecut35_k111_Cu.pbesol-dn-kjpaw_psl.1.0.0.in,Cu,35,1 1 1,Cu.pbesol-dn-kjpaw_psl.1.0.0,-211.08809702
Cu_ecut35_k111_Cu.pbesol-dn-rrkjus_psl.1.0.0.in,Cu,35,1 1 1,Cu.pbesol-dn-rrkjus_psl.1.0.0,-123.08052737
Cu_ecut35_k222_Cu.pbe-dn-kjpaw_psl.1.0.0.in,Cu,35,2 2 2,Cu.pbe-dn-kjpaw_psl.1.0.0,-212.90819744
Cu_ecut35_k222_Cu.pbe-dn-rrkjus_psl.1.0.0.in,Cu,35,2 2 2,Cu.pbe-dn-rrkjus_psl.1.0.0,-122.55869113
Cu_ecut35_k222_Cu.pbesol-dn-kjpaw_psl.1.0.0.in,Cu,35,2 2 2,Cu.pbesol-dn-kjpaw_psl.1.0.0,-210.22746434
Cu_ecut35_k222_Cu.pbesol-dn-rrkjus_psl.1.0.0.in,Cu,35,2 2 2,Cu.pbesol-dn-rrkjus_psl.1.0.0,-122.21729474
Cu_ecut35_k333_Cu.pbe-dn-kjpaw_psl.1.0.0.in,Cu,35,3 3 3,Cu.pbe-dn-kjpaw_psl.1.0.0,-213.08379435
Cu_ecut35_k333_Cu.pbe-dn-rrkjus_psl.1.0.0.in,Cu,35,3 3 3,Cu.pbe-dn-rrkjus_psl.1.0.0,-122.7340308
Cu_ecut35_k333_Cu.pbesol-dn-kjpaw_psl.1.0.0.in,Cu,35,3 3 3,Cu.pbesol-dn-kjpaw_psl.1.0.0,-210.40057076
Cu_ecut35_k333_Cu.pbesol-dn-rrkjus_psl.1.0.0.in,Cu,35,3 3 3,Cu.pbesol-dn-rrkjus_psl.1.0.0,-122.39010023
Cu_ecut35_k444_Cu.pbe-dn-kjpaw_psl.1.0.0.in,Cu,35,4 4 4,Cu.pbe-dn-kjpaw_psl.1.0.0,-213.04669877
Cu_ecut35_k444_Cu.pbe-dn-rrkjus_psl.1.0.0.in,Cu,35,4 4 4,Cu.pbe-dn-rrkjus_psl.1.0.0,-122.69687228
Cu_ecut35_k444_Cu.pbesol-dn-kjpaw_psl.1.0.0.in,Cu,35,4 4 4,Cu.pbesol-dn-kjpaw_psl.1.0.0,-210.36252374
Cu_ecut35_k444_Cu.pbesol-dn-rrkjus_psl.1.0.0.in,Cu,35,4 4 4,Cu.pbesol-dn-rrkjus_psl.1.0.0,-122.35195742
Cu_ecut35_k555_Cu.pbe-dn-kjpaw_psl.1.0.0.in,Cu,35,5 5 5,Cu.pbe-dn-kjpaw_psl.1.0.0,-213.06525441
Cu_ecut35_k555_Cu.pbe-dn-rrkjus_psl.1.0.0.in,Cu,35,5 5 5,Cu.pbe-dn-rrkjus_psl.1.0.0,-122.71523952
Cu_ecut35_k555_Cu.pbesol-dn-kjpaw_psl.1.0.0.in,Cu,35,5 5 5,Cu.pbesol-dn-kjpaw_psl.1.0.0,-210.37992252
Cu_ecut35_k555_Cu.pbesol-dn-rrkjus_psl.1.0.0.in,Cu,35,5 5 5,Cu.pbesol-dn-rrkjus_psl.1.0.0,-122.3693027
Cu_ecut35_k666_Cu.pbe-dn-kjpaw_psl.1.0.0.in,Cu,35,6 6 6,Cu.pbe-dn-kjpaw_psl.1.0.0,-213.05386237
Cu_ecut35_k666_Cu.pbe-dn-rrkjus_psl.1.0.0.in,Cu,35,6 6 6,Cu.pbe-dn-rrkjus_psl.1.0.0,-122.70403311
Cu_ecut35_k666_Cu.pbesol-dn-kjpaw_psl.1.0.0.in,Cu,35,6 6 6,Cu.pbesol-dn-kjpaw_psl.1.0.0,-210.36988936
Cu_ecut35_k666_Cu.pbesol-dn-rrkjus_psl.1.0.0.in,Cu,35,6 6 6,Cu.pbesol-dn-rrkjus_psl.1.0.0,-122.35937273
Cu_ecut35_k777_Cu.pbe-dn-kjpaw_psl.1.0.0.in,Cu,35,7 7 7,Cu.pbe-dn-kjpaw_psl.1.0.0,-213.06215659
Cu_ecut35_k777_Cu.pbe-dn-rrkjus_psl.1.0.0.in,Cu,35,7 7 7,Cu.pbe-dn-rrkjus_psl.1.0.0,-122.71225353
Cu_ecut35_k777_Cu.pbesol-dn-kjpaw_psl.1.0.0.in,Cu,35,7 7 7,Cu.pbesol-dn-kjpaw_psl.1.0.0,-210.37776561
Cu_ecut35_k777_Cu.pbesol-dn-rrkjus_psl.1.0.0.in,Cu,35,7 7 7,Cu.pbesol-dn-rrkjus_psl.1.0.0,-122.36713513
Cu_ecut35_k888_Cu.pbe-dn-kjpaw_psl.1.0.0.in,Cu,35,8 8 8,Cu.pbe-dn-kjpaw_psl.1.0.0,-213.05465697
Cu_ecut35_k888_Cu.pbe-dn-rrkjus_psl.1.0.0.in,Cu,35,8 8 8,Cu.pbe-dn-rrkjus_psl.1.0.0,-122.70481161
Cu_ecut35_k888_Cu.pbesol-dn-kjpaw_psl.1.0.0.in,Cu,35,8 8 8,Cu.pbesol-dn-kjpaw_psl.1.0.0,-210.37015652
Cu_ecut35_k888_Cu.pbesol-dn-rrkjus_psl.1.0.0.in,Cu,35,8 8 8,Cu.pbesol-dn-rrkjus_psl.1.0.0,-122.35962761
Cu_ecut35_k999_Cu.pbe-dn-kjpaw_psl.1.0.0.in,Cu,35,9 9 9,Cu.pbe-dn-kjpaw_psl.1.0.0,-213.0592512
Cu_ecut35_k999_Cu.pbe-dn-rrkjus_psl.1.0.0.in,Cu,35,9 9 9,Cu.pbe-dn-rrkjus_psl.1.0.0,-122.70939056
Cu_ecut35_k999_Cu.pbesol-dn-kjpaw_psl.1.0.0.in,Cu,35,9 9 9,Cu.pbesol-dn-kjpaw_psl.1.0.0,-210.37507377
Cu_ecut35_k999_Cu.pbesol-dn-rrkjus_psl.1.0.0.in,Cu,35,9 9 9,Cu.pbesol-dn-rrkjus_psl.1.0.0,-122.36451012
Cu_ecut35_k101010_Cu.pbe-dn-kjpaw_psl.1.0.0.in,Cu,35,10 10 10,Cu.pbe-dn-kjpaw_psl.1.0.0,-213.05597389
Cu_ecut35_k101010_Cu.pbe-dn-rrkjus_psl.1.0.0.in,Cu,35,10 10 10,Cu.pbe-dn-rrkjus_psl.1.0.0,-122.70613999
Cu_ecut35_k101010_Cu.pbesol-dn-kjpaw_psl.1.0.0.in,Cu,35,10 10 10,Cu.pbesol-dn-kjpaw_psl.1.0.0,-210.3718146
Cu_ecut35_k101010_Cu.pbesol-dn-rrkjus_psl.1.0.0.in,Cu,35,10 10 10,Cu.pbesol-dn-rrkjus_psl.1.0.0,-122.36129082
Cu_ecut35_k111111_Cu.pbe-dn-kjpaw_psl.1.0.0.in,Cu,35,11 11 11,Cu.pbe-dn-kjpaw_psl.1.0.0,-213.05776442
Cu_ecut35_k111111_Cu.pbe-dn-rrkjus_psl.1.0.0.in,Cu,35,11 11 11,Cu.pbe-dn-rrkjus_psl.1.0.0,-122.70791597
Cu_ecut35_k111111_Cu.pbesol-dn-kjpaw_psl.1.0.0.in,Cu,35,11 11 11,Cu.pbesol-dn-kjpaw_psl.1.0.0,-210.37357826
Cu_ecut35_k111111_Cu.pbesol-dn-rrkjus_psl.1.0.0.in,Cu,35,11 11 11,Cu.pbesol-dn-rrkjus_psl.1.0.0,-122.36303998
Cu_ecut40_k111_Cu.pbe-dn-kjpaw_psl.1.0.0.in,Cu,40,1 1 1,Cu.pbe-dn-kjpaw_psl.1.0.0,-213.76774958
Cu_ecut40_k111_Cu.pbe-dn-rrkjus_psl.1.0.0.in,Cu,40,1 1 1,Cu.pbe-dn-rrkjus_psl.1.0.0,-123.42065464
Cu_ecut40_k111_Cu.pbesol-dn-kjpaw_psl.1.0.0.in,Cu,40,1 1 1,Cu.pbesol-dn-kjpaw_psl.1.0.0,-211.08823487
Cu_ecut40_k111_Cu.pbesol-dn-rrkjus_psl.1.0.0.in,Cu,40,1 1 1,Cu.pbesol-dn-rrkjus_psl.1.0.0,-123.08081371
Cu_ecut40_k222_Cu.pbe-dn-kjpaw_psl.1.0.0.in,Cu,40,2 2 2,Cu.pbe-dn-kjpaw_psl.1.0.0,-212.90865214
Cu_ecut40_k222_Cu.pbe-dn-rrkjus_psl.1.0.0.in,Cu,40,2 2 2,Cu.pbe-dn-rrkjus_psl.1.0.0,-122.55920438
Cu_ecut40_k222_Cu.pbesol-dn-kjpaw_psl.1.0.0.in,Cu,40,2 2 2,Cu.pbesol-dn-kjpaw_psl.1.0.0,-210.22790051
Cu_ecut40_k222_Cu.pbesol-dn-rrkjus_psl.1.0.0.in,Cu,40,2 2 2,Cu.pbesol-dn-rrkjus_psl.1.0.0,-122.21777928
Cu_ecut40_k333_Cu.pbe-dn-kjpaw_psl.1.0.0.in,Cu,40,3 3 3,Cu.pbe-dn-kjpaw_psl.1.0.0,-213.08371867
Cu_ecut40_k333_Cu.pbe-dn-rrkjus_psl.1.0.0.in,Cu,40,3 3 3,Cu.pbe-dn-rrkjus_psl.1.0.0,-122.73397245
Cu_ecut40_k333_Cu.pbesol-dn-kjpaw_psl.1.0.0.in,Cu,40,3 3 3,Cu.pbesol-dn-kjpaw_psl.1.0.0,-210.40040579
Cu_ecut40_k333_Cu.pbesol-dn-rrkjus_psl.1.0.0.in,Cu,40,3 3 3,Cu.pbesol-dn-rrkjus_psl.1.0.0,-122.38995789
Cu_ecut40_k444_Cu.pbe-dn-kjpaw_psl.1.0.0.in,Cu,40,4 4 4,Cu.pbe-dn-kjpaw_psl.1.0.0,-213.04693381
Cu_ecut40_k444_Cu.pbe-dn-rrkjus_psl.1.0.0.in,Cu,40,4 4 4,Cu.pbe-dn-rrkjus_psl.1.0.0,-122.6971116
Cu_ecut40_k444_Cu.pbesol-dn-kjpaw_psl.1.0.0.in,Cu,40,4 4 4,Cu.pbesol-dn-kjpaw_psl.1.0.0,-210.36270685
Cu_ecut40_k444_Cu.pbesol-dn-rrkjus_psl.1.0.0.in,Cu,40,4 4 4,Cu.pbesol-dn-rrkjus_psl.1.0.0,-122.35214526
Cu_ecut40_k555_Cu.pbe-dn-kjpaw_psl.1.0.0.in,Cu,40,5 5 5,Cu.pbe-dn-kjpaw_psl.1.0.0,-213.06557128
Cu_ecut40_k555_Cu.pbe-dn-rrkjus_psl.1.0.0.in,Cu,40,5 5 5,Cu.pbe-dn-rrkjus_psl.1.0.0,-122.71557199
Cu_ecut40_k555_Cu.pbesol-dn-kjpaw_psl.1.0.0.in,Cu,40,5 5 5,Cu.pbesol-dn-kjpaw_psl.1.0.0,-210.3801702
Cu_ecut40_k555_Cu.pbesol-dn-rrkjus_psl.1.0.0.in,Cu,40,5 5 5,Cu.pbesol-dn-rrkjus_psl.1.0.0,-122.36956562
Cu_ecut40_k666_Cu.pbe-dn-kjpaw_psl.1.0.0.in,Cu,40,6 6 6,Cu.pbe-dn-kjpaw_psl.1.0.0,-213.05417083
Cu_ecut40_k666_Cu.pbe-dn-rrkjus_psl.1.0.0.in,Cu,40,6 6 6,Cu.pbe-dn-rrkjus_psl.1.0.0,-122.70437051
Cu_ecut40_k666_Cu.pbesol-dn-kjpaw_psl.1.0.0.in,Cu,40,6 6 6,Cu.pbesol-dn-kjpaw_psl.1.0.0,-210.3701486
Cu_ecut40_k666_Cu.pbesol-dn-rrkjus_psl.1.0.0.in,Cu,40,6 6 6,Cu.pbesol-dn-rrkjus_psl.1.0.0,-122.35965836
Cu_ecut40_k777_Cu.pbe-dn-kjpaw_psl.1.0.0.in,Cu,40,7 7 7,Cu.pbe-dn-kjpaw_psl.1.0.0,-213.06247068
Cu_ecut40_k777_Cu.pbe-dn-rrkjus_psl.1.0.0.in,Cu,40,7 7 7,Cu.pbe-dn-rrkjus_psl.1.0.0,-122.712578
Cu_ecut40_k777_Cu.pbesol-dn-kjpaw_psl.1.0.0.in,Cu,40,7 7 7,Cu.pbesol-dn-kjpaw_psl.1.0.0,-210.37803593
Cu_ecut40_k777_Cu.pbesol-dn-rrkjus_psl.1.0.0.in,Cu,40,7 7 7,Cu.pbesol-dn-rrkjus_psl.1.0.0,-122.36741682
Cu_ecut40_k888_Cu.pbe-dn-kjpaw_psl.1.0.0.in,Cu,40,8 8 8,Cu.pbe-dn-kjpaw_psl.1.0.0,-213.05497393
Cu_ecut40_k888_Cu.pbe-dn-rrkjus_psl.1.0.0.in,Cu,40,8 8 8,Cu.pbe-dn-rrkjus_psl.1.0.0,-122.70512952
Cu_ecut40_k888_Cu.pbesol-dn-kjpaw_psl.1.0.0.in,Cu,40,8 8 8,Cu.pbesol-dn-kjpaw_psl.1.0.0,-210.37042503
Cu_ecut40_k888_Cu.pbesol-dn-rrkjus_psl.1.0.0.in,Cu,40,8 8 8,Cu.pbesol-dn-rrkjus_psl.1.0.0,-122.35989979
Cu_ecut40_k999_Cu.pbe-dn-kjpaw_psl.1.0.0.in,Cu,40,9 9 9,Cu.pbe-dn-kjpaw_psl.1.0.0,-213.05952809
Cu_ecut40_k999_Cu.pbe-dn-rrkjus_psl.1.0.0.in,Cu,40,9 9 9,Cu.pbe-dn-rrkjus_psl.1.0.0,-122.70966972
Cu_ecut40_k999_Cu.pbesol-dn-kjpaw_psl.1.0.0.in,Cu,40,9 9 9,Cu.pbesol-dn-kjpaw_psl.1.0.0,-210.37529225
Cu_ecut40_k999_Cu.pbesol-dn-rrkjus_psl.1.0.0.in,Cu,40,9 9 9,Cu.pbesol-dn-rrkjus_psl.1.0.0,-122.36473293
Cu_ecut40_k101010_Cu.pbe-dn-kjpaw_psl.1.0.0.in,Cu,40,10 10 10,Cu.pbe-dn-kjpaw_psl.1.0.0,-213.05625261
Cu_ecut40_k101010_Cu.pbe-dn-rrkjus_psl.1.0.0.in,Cu,40,10 10 10,Cu.pbe-dn-rrkjus_psl.1.0.0,-122.70642534
Cu_ecut40_k101010_Cu.pbesol-dn-kjpaw_psl.1.0.0.in,Cu,40,10 10 10,Cu.pbesol-dn-kjpaw_psl.1.0.0,-210.37204585
Cu_ecut40_k101010_Cu.pbesol-dn-rrkjus_psl.1.0.0.in,Cu,40,10 10 10,Cu.pbesol-dn-rrkjus_psl.1.0.0,-122.3615297
Cu_ecut40_k111111_Cu.pbe-dn-kjpaw_psl.1.0.0.in,Cu,40,11 11 11,Cu.pbe-dn-kjpaw_psl.1.0.0,-213.05803098
Cu_ecut40_k111111_Cu.pbe-dn-rrkjus_psl.1.0.0.in,Cu,40,11 11 11,Cu.pbe-dn-rrkjus_psl.1.0.0,-122.70819136
Cu_ecut40_k111111_Cu.pbesol-dn-kjpaw_psl.1.0.0.in,Cu,40,11 11 11,Cu.pbesol-dn-kjpaw_psl.1.0.0,-210.37379133
Cu_ecut40_k111111_Cu.pbesol-dn-rrkjus_psl.1.0.0.in,Cu,40,11 11 11,Cu.pbesol-dn-rrkjus_psl.1.0.0,-122.36326105
Cu_ecut45_k111_Cu.pbe-dn-kjpaw_psl.1.0.0.in,Cu,45,1 1 1,Cu.pbe-dn-kjpaw_psl.1.0.0,-213.76728793
Cu_ecut45_k111_Cu.pbe-dn-rrkjus_psl.1.0.0.in,Cu,45,1 1 1,Cu.pbe-dn-rrkjus_psl.1.0.0,-123.42021834
Cu_ecut45_k111_Cu.pbesol-dn-kjpaw_psl.1.0.0.in,Cu,45,1 1 1,Cu.pbesol-dn-kjpaw_psl.1.0.0,-211.08765414
Cu_ecut45_k111_Cu.pbesol-dn-rrkjus_psl.1.0.0.in,Cu,45,1 1 1,Cu.pbesol-dn-rrkjus_psl.1.0.0,-123.08010898
Cu_ecut45_k222_Cu.pbe-dn-kjpaw_psl.1.0.0.in,Cu,45,2 2 2,Cu.pbe-dn-kjpaw_psl.1.0.0,-212.90927717
Cu_ecut45_k222_Cu.pbe-dn-rrkjus_psl.1.0.0.in,Cu,45,2 2 2,Cu.pbe-dn-rrkjus_psl.1.0.0,-122.55974234
Cu_ecut45_k222_Cu.pbesol-dn-kjpaw_psl.1.0.0.in,Cu,45,2 2 2,Cu.pbesol-dn-kjpaw_psl.1.0.0,-210.22845456
Cu_ecut45_k222_Cu.pbesol-dn-rrkjus_psl.1.0.0.in,Cu,45,2 2 2,Cu.pbesol-dn-rrkjus_psl.1.0.0,-122.21821221
Cu_ecut45_k333_Cu.pbe-dn-kjpaw_psl.1.0.0.in,Cu,45,3 3 3,Cu.pbe-dn-kjpaw_psl.1.0.0,-213.08411926
Cu_ecut45_k333_Cu.pbe-dn-rrkjus_psl.1.0.0.in,Cu,45,3 3 3,Cu.pbe-dn-rrkjus_psl.1.0.0,-122.7342847
Cu_ecut45_k333_Cu.pbesol-dn-kjpaw_psl.1.0.0.in,Cu,45,3 3 3,Cu.pbesol-dn-kjpaw_psl.1.0.0,-210.40069732
Cu_ecut45_k333_Cu.pbesol-dn-rrkjus_psl.1.0.0.in,Cu,45,3 3 3,Cu.pbesol-dn-rrkjus_psl.1.0.0,-122.39014484
Cu_ecut45_k444_Cu.pbe-dn-kjpaw_psl.1.0.0.in,Cu,45,4 4 4,Cu.pbe-dn-kjpaw_psl.1.0.0,-213.04737865
Cu_ecut45_k444_Cu.pbe-dn-rrkjus_psl.1.0.0.in,Cu,45,4 4 4,Cu.pbe-dn-rrkjus_psl.1.0.0,-122.69754727
Cu_ecut45_k444_Cu.pbesol-dn-kjpaw_psl.1.0.0.in,Cu,45,4 4 4,Cu.pbesol-dn-kjpaw_psl.1.0.0,-210.3630344
Cu_ecut45_k444_Cu.pbesol-dn-rrkjus_psl.1.0.0.in,Cu,45,4 4 4,Cu.pbesol-dn-rrkjus_psl.1.0.0,-122.3524465
Cu_ecut45_k555_Cu.pbe-dn-kjpaw_psl.1.0.0.in,Cu,45,5 5 5,Cu.pbe-dn-kjpaw_psl.1.0.0,-213.06600012
Cu_ecut45_k555_Cu.pbe-dn-rrkjus_psl.1.0.0.in,Cu,45,5 5 5,Cu.pbe-dn-rrkjus_psl.1.0.0,-122.71594182
Cu_ecut45_k555_Cu.pbesol-dn-kjpaw_psl.1.0.0.in,Cu,45,5 5 5,Cu.pbesol-dn-kjpaw_psl.1.0.0,-210.3804334
Cu_ecut45_k555_Cu.pbesol-dn-rrkjus_psl.1.0.0.in,Cu,45,5 5 5,Cu.pbesol-dn-rrkjus_psl.1.0.0,-122.36976562
Cu_ecut45_k666_Cu.pbe-dn-kjpaw_psl.1.0.0.in,Cu,45,6 6 6,Cu.pbe-dn-kjpaw_psl.1.0.0,-213.05459555
Cu_ecut45_k666_Cu.pbe-dn-rrkjus_psl.1.0.0.in,Cu,45,6 6 6,Cu.pbe-dn-rrkjus_psl.1.0.0,-122.70472027
Cu_ecut45_k666_Cu.pbesol-dn-kjpaw_psl.1.0.0.in,Cu,45,6 6 6,Cu.pbesol-dn-kjpaw_psl.1.0.0,-210.37042349
Cu_ecut45_k666_Cu.pbesol-dn-rrkjus_psl.1.0.0.in,Cu,45,6 6 6,Cu.pbesol-dn-rrkjus_psl.1.0.0,-122.35986761
Cu_ecut45_k777_Cu.pbe-dn-kjpaw_psl.1.0.0.in,Cu,45,7 7 7,Cu.pbe-dn-kjpaw_psl.1.0.0,-213.06291708
Cu_ecut45_k777_Cu.pbe-dn-rrkjus_psl.1.0.0.in,Cu,45,7 7 7,Cu.pbe-dn-rrkjus_psl.1.0.0,-122.71296262
Cu_ecut45_k777_Cu.pbesol-dn-kjpaw_psl.1.0.0.in,Cu,45,7 7 7,Cu.pbesol-dn-kjpaw_psl.1.0.0,-210.37833864
Cu_ecut45_k777_Cu.pbesol-dn-rrkjus_psl.1.0.0.in,Cu,45,7 7 7,Cu.pbesol-dn-rrkjus_psl.1.0.0,-122.36765603
Cu_ecut45_k888_Cu.pbe-dn-kjpaw_psl.1.0.0.in,Cu,45,8 8 8,Cu.pbe-dn-kjpaw_psl.1.0.0,-213.0553571
Cu_ecut45_k888_Cu.pbe-dn-rrkjus_psl.1.0.0.in,Cu,45,8 8 8,Cu.pbe-dn-rrkjus_psl.1.0.0,-122.70547254
Cu_ecut45_k888_Cu.pbesol-dn-kjpaw_psl.1.0.0.in,Cu,45,8 8 8,Cu.pbesol-dn-kjpaw_psl.1.0.0,-210.37067022
Cu_ecut45_k888_Cu.pbesol-dn-rrkjus_psl.1.0.0.in,Cu,45,8 8 8,Cu.pbesol-dn-rrkjus_psl.1.0.0,-122.36010635
Cu_ecut45_k999_Cu.pbe-dn-kjpaw_psl.1.0.0.in,Cu,45,9 9 9,Cu.pbe-dn-kjpaw_psl.1.0.0,-213.05994685
Cu_ecut45_k999_Cu.pbe-dn-rrkjus_psl.1.0.0.in,Cu,45,9 9 9,Cu.pbe-dn-rrkjus_psl.1.0.0,-122.71003132
Cu_ecut45_k999_Cu.pbesol-dn-kjpaw_psl.1.0.0.in,Cu,45,9 9 9,Cu.pbesol-dn-kjpaw_psl.1.0.0,-210.37557748
Cu_ecut45_k999_Cu.pbesol-dn-rrkjus_psl.1.0.0.in,Cu,45,9 9 9,Cu.pbesol-dn-rrkjus_psl.1.0.0,-122.3649547
Cu_ecut45_k101010_Cu.pbe-dn-kjpaw_psl.1.0.0.in,Cu,45,10 10 10,Cu.pbe-dn-kjpaw_psl.1.0.0,-213.05664114
Cu_ecut45_k101010_Cu.pbe-dn-rrkjus_psl.1.0.0.in,Cu,45,10 10 10,Cu.pbe-dn-rrkjus_psl.1.0.0,-122.70676155
Cu_ecut45_k101010_Cu.pbesol-dn-kjpaw_psl.1.0.0.in,Cu,45,10 10 10,Cu.pbesol-dn-kjpaw_psl.1.0.0,-210.37228281
Cu_ecut45_k101010_Cu.pbesol-dn-rrkjus_psl.1.0.0.in,Cu,45,10 10 10,Cu.pbesol-dn-rrkjus_psl.1.0.0,-122.36170881
Cu_ecut45_k111111_Cu.pbe-dn-kjpaw_psl.1.0.0.in,Cu,45,11 11 11,Cu.pbe-dn-kjpaw_psl.1.0.0,-213.05841949
Cu_ecut45_k111111_Cu.pbe-dn-rrkjus_psl.1.0.0.in,Cu,45,11 11 11,Cu.pbe-dn-rrkjus_psl.1.0.0,-122.708518
Cu_ecut45_k111111_Cu.pbesol-dn-kjpaw_psl.1.0.0.in,Cu,45,11 11 11,Cu.pbesol-dn-kjpaw_psl.1.0.0,-210.37404023
Cu_ecut45_k111111_Cu.pbesol-dn-rrkjus_psl.1.0.0.in,Cu,45,11 11 11,Cu.pbesol-dn-rrkjus_psl.1.0.0,-122.36343842
Cu_ecut50_k111_Cu.pbe-dn-kjpaw_psl.1.0.0.in,Cu,50,1 1 1,Cu.pbe-dn-kjpaw_psl.1.0.0,-213.76863769
Cu_ecut50_k111_Cu.pbe-dn-rrkjus_psl.1.0.0.in,Cu,50,1 1 1,Cu.pbe-dn-rrkjus_psl.1.0.0,-123.42135567
Cu_ecut50_k111_Cu.pbesol-dn-kjpaw_psl.1.0.0.in,Cu,50,1 1 1,Cu.pbesol-dn-kjpaw_psl.1.0.0,-211.08903911
Cu_ecut50_k111_Cu.pbesol-dn-rrkjus_psl.1.0.0.in,Cu,50,1 1 1,Cu.pbesol-dn-rrkjus_psl.1.0.0,-123.08121496
Cu_ecut50_k222_Cu.pbe-dn-kjpaw_psl.1.0.0.in,Cu,50,2 2 2,Cu.pbe-dn-kjpaw_psl.1.0.0,-212.91038192
Cu_ecut50_k222_Cu.pbe-dn-rrkjus_psl.1.0.0.in,Cu,50,2 2 2,Cu.pbe-dn-rrkjus_psl.1.0.0,-122.56083314
Cu_ecut50_k222_Cu.pbesol-dn-kjpaw_psl.1.0.0.in,Cu,50,2 2 2,Cu.pbesol-dn-kjpaw_psl.1.0.0,-210.22957715
Cu_ecut50_k222_Cu.pbesol-dn-rrkjus_psl.1.0.0.in,Cu,50,2 2 2,Cu.pbesol-dn-rrkjus_psl.1.0.0,-122.21929182
Cu_ecut50_k333_Cu.pbe-dn-kjpaw_psl.1.0.0.in,Cu,50,3 3 3,Cu.pbe-dn-kjpaw_psl.1.0.0,-213.0851842
Cu_ecut50_k333_Cu.pbe-dn-rrkjus_psl.1.0.0.in,Cu,50,3 3 3,Cu.pbe-dn-rrkjus_psl.1.0.0,-122.7353193
Cu_ecut50_k333_Cu.pbesol-dn-kjpaw_psl.1.0.0.in,Cu,50,3 3 3,Cu.pbesol-dn-kjpaw_psl.1.0.0,-210.4017396
Cu_ecut50_k333_Cu.pbesol-dn-rrkjus_psl.1.0.0.in,Cu,50,3 3 3,Cu.pbesol-dn-rrkjus_psl.1.0.0,-122.3911608
Cu_ecut50_k444_Cu.pbe-dn-kjpaw_psl.1.0.0.in,Cu,50,4 4 4,Cu.pbe-dn-kjpaw_psl.1.0.0,-213.04849839
Cu_ecut50_k444_Cu.pbe-dn-rrkjus_psl.1.0.0.in,Cu,50,4 4 4,Cu.pbe-dn-rrkjus_psl.1.0.0,-122.69861482
Cu_ecut50_k444_Cu.pbesol-dn-kjpaw_psl.1.0.0.in,Cu,50,4 4 4,Cu.pbesol-dn-kjpaw_psl.1.0.0,-210.36414681
Cu_ecut50_k444_Cu.pbesol-dn-rrkjus_psl.1.0.0.in,Cu,50,4 4 4,Cu.pbesol-dn-rrkjus_psl.1.0.0,-122.35351006
Cu_ecut50_k555_Cu.pbe-dn-kjpaw_psl.1.0.0.in,Cu,50,5 5 5,Cu.pbe-dn-kjpaw_psl.1.0.0,-213.06713506
Cu_ecut50_k555_Cu.pbe-dn-rrkjus_psl.1.0.0.in,Cu,50,5 5 5,Cu.pbe-dn-rrkjus_psl.1.0.0,-122.71704263
Cu_ecut50_k555_Cu.pbesol-dn-kjpaw_psl.1.0.0.in,Cu,50,5 5 5,Cu.pbesol-dn-kjpaw_psl.1.0.0,-210.381534
Cu_ecut50_k555_Cu.pbesol-dn-rrkjus_psl.1.0.0.in,Cu,50,5 5 5,Cu.pbesol-dn-rrkjus_psl.1.0.0,-122.37082284
Cu_ecut50_k666_Cu.pbe-dn-kjpaw_psl.1.0.0.in,Cu,50,6 6 6,Cu.pbe-dn-kjpaw_psl.1.0.0,-213.05570472
Cu_ecut50_k666_Cu.pbe-dn-rrkjus_psl.1.0.0.in,Cu,50,6 6 6,Cu.pbe-dn-rrkjus_psl.1.0.0,-122.70579936
Cu_ecut50_k666_Cu.pbesol-dn-kjpaw_psl.1.0.0.in,Cu,50,6 6 6,Cu.pbesol-dn-kjpaw_psl.1.0.0,-210.37153403
Cu_ecut50_k666_Cu.pbesol-dn-rrkjus_psl.1.0.0.in,Cu,50,6 6 6,Cu.pbesol-dn-rrkjus_psl.1.0.0,-122.36092921
Cu_ecut50_k777_Cu.pbe-dn-kjpaw_psl.1.0.0.in,Cu,50,7 7 7,Cu.pbe-dn-kjpaw_psl.1.0.0,-213.06398978
Cu_ecut50_k777_Cu.pbe-dn-rrkjus_psl.1.0.0.in,Cu,50,7 7 7,Cu.pbe-dn-rrkjus_psl.1.0.0,-122.71401212
Cu_ecut50_k777_Cu.pbesol-dn-kjpaw_psl.1.0.0.in,Cu,50,7 7 7,Cu.pbesol-dn-kjpaw_psl.1.0.0,-210.37940444
Cu_ecut50_k777_Cu.pbesol-dn-rrkjus_psl.1.0.0.in,Cu,50,7 7 7,Cu.pbesol-dn-rrkjus_psl.1.0.0,-122.3686875
Cu_ecut50_k888_Cu.pbe-dn-kjpaw_psl.1.0.0.in,Cu,50,8 8 8,Cu.pbe-dn-kjpaw_psl.1.0.0,-213.05647971
Cu_ecut50_k888_Cu.pbe-dn-rrkjus_psl.1.0.0.in,Cu,50,8 8 8,Cu.pbe-dn-rrkjus_psl.1.0.0,-122.7065465
Cu_ecut50_k888_Cu.pbesol-dn-kjpaw_psl.1.0.0.in,Cu,50,8 8 8,Cu.pbesol-dn-kjpaw_psl.1.0.0,-210.37178231
Cu_ecut50_k888_Cu.pbesol-dn-rrkjus_psl.1.0.0.in,Cu,50,8 8 8,Cu.pbesol-dn-rrkjus_psl.1.0.0,-122.36115677
Cu_ecut50_k999_Cu.pbe-dn-kjpaw_psl.1.0.0.in,Cu,50,9 9 9,Cu.pbe-dn-kjpaw_psl.1.0.0,-213.0610293
Cu_ecut50_k999_Cu.pbe-dn-rrkjus_psl.1.0.0.in,Cu,50,9 9 9,Cu.pbe-dn-rrkjus_psl.1.0.0,-122.71108677
Cu_ecut50_k999_Cu.pbesol-dn-kjpaw_psl.1.0.0.in,Cu,50,9 9 9,Cu.pbesol-dn-kjpaw_psl.1.0.0,-210.37664609
Cu_ecut50_k999_Cu.pbesol-dn-rrkjus_psl.1.0.0.in,Cu,50,9 9 9,Cu.pbesol-dn-rrkjus_psl.1.0.0,-122.36599362
Cu_ecut50_k101010_Cu.pbe-dn-kjpaw_psl.1.0.0.in,Cu,50,10 10 10,Cu.pbe-dn-kjpaw_psl.1.0.0,-213.05772578
Cu_ecut50_k101010_Cu.pbe-dn-rrkjus_psl.1.0.0.in,Cu,50,10 10 10,Cu.pbe-dn-rrkjus_psl.1.0.0,-122.7078218
Cu_ecut50_k101010_Cu.pbesol-dn-kjpaw_psl.1.0.0.in,Cu,50,10 10 10,Cu.pbesol-dn-kjpaw_psl.1.0.0,-210.37335484
Cu_ecut50_k101010_Cu.pbesol-dn-rrkjus_psl.1.0.0.in,Cu,50,10 10 10,Cu.pbesol-dn-rrkjus_psl.1.0.0,-122.36275488
Cu_ecut50_k111111_Cu.pbe-dn-kjpaw_psl.1.0.0.in,Cu,50,11 11 11,Cu.pbe-dn-kjpaw_psl.1.0.0,-213.05951994
Cu_ecut50_k111111_Cu.pbe-dn-rrkjus_psl.1.0.0.in,Cu,50,11 11 11,Cu.pbe-dn-rrkjus_psl.1.0.0,-122.70959271
Cu_ecut50_k111111_Cu.pbesol-dn-kjpaw_psl.1.0.0.in,Cu,50,11 11 11,Cu.pbesol-dn-kjpaw_psl.1.0.0,-210.37512901
Cu_ecut50_k111111_Cu.pbesol-dn-rrkjus_psl.1.0.0.in,Cu,50,11 11 11,Cu.pbesol-dn-rrkjus_psl.1.0.0,-122.36450004
Cu_ecut55_k111_Cu.pbe-dn-kjpaw_psl.1.0.0.in,Cu,55,1 1 1,Cu.pbe-dn-kjpaw_psl.1.0.0,-213.76864964
Cu_ecut55_k111_Cu.pbe-dn-rrkjus_psl.1.0.0.in,Cu,55,1 1 1,Cu.pbe-dn-rrkjus_psl.1.0.0,-123.42133713
Cu_ecut55_k111_Cu.pbesol-dn-kjpaw_psl.1.0.0.in,Cu,55,1 1 1,Cu.pbesol-dn-kjpaw_psl.1.0.0,-211.08906109
Cu_ecut55_k111_Cu.pbesol-dn-rrkjus_psl.1.0.0.in,Cu,55,1 1 1,Cu.pbesol-dn-rrkjus_psl.1.0.0,-123.08121361
Cu_ecut55_k222_Cu.pbe-dn-kjpaw_psl.1.0.0.in,Cu,55,2 2 2,Cu.pbe-dn-kjpaw_psl.1.0.0,-212.91097355
Cu_ecut55_k222_Cu.pbe-dn-rrkjus_psl.1.0.0.in,Cu,55,2 2 2,Cu.pbe-dn-rrkjus_psl.1.0.0,-122.56141685
Cu_ecut55_k222_Cu.pbesol-dn-kjpaw_psl.1.0.0.in,Cu,55,2 2 2,Cu.pbesol-dn-kjpaw_psl.1.0.0,-210.2301919
Cu_ecut55_k222_Cu.pbesol-dn-rrkjus_psl.1.0.0.in,Cu,55,2 2 2,Cu.pbesol-dn-rrkjus_psl.1.0.0,-122.21989161
Cu_ecut55_k333_Cu.pbe-dn-kjpaw_psl.1.0.0.in,Cu,55,3 3 3,Cu.pbe-dn-kjpaw_psl.1.0.0,-213.08586297
Cu_ecut55_k333_Cu.pbe-dn-rrkjus_psl.1.0.0.in,Cu,55,3 3 3,Cu.pbe-dn-rrkjus_psl.1.0.0,-122.73599586
Cu_ecut55_k333_Cu.pbesol-dn-kjpaw_psl.1.0.0.in,Cu,55,3 3 3,Cu.pbesol-dn-kjpaw_psl.1.0.0,-210.40244285
Cu_ecut55_k333_Cu.pbesol-dn-rrkjus_psl.1.0.0.in,Cu,55,3 3 3,Cu.pbesol-dn-rrkjus_psl.1.0.0,-122.3918455
Cu_ecut55_k444_Cu.pbe-dn-kjpaw_psl.1.0.0.in,Cu,55,4 4 4,Cu.pbe-dn-kjpaw_psl.1.0.0,-213.04918322
Cu_ecut55_k444_Cu.pbe-dn-rrkjus_psl.1.0.0.in,Cu,55,4 4 4,Cu.pbe-dn-rrkjus_psl.1.0.0,-122.69930547
Cu_ecut55_k444_Cu.pbesol-dn-kjpaw_psl.1.0.0.in,Cu,55,4 4 4,Cu.pbesol-dn-kjpaw_psl.1.0.0,-210.3648626
Cu_ecut55_k444_Cu.pbesol-dn-rrkjus_psl.1.0.0.in,Cu,55,4 4 4,Cu.pbesol-dn-rrkjus_psl.1.0.0,-122.35424235
Cu_ecut55_k555_Cu.pbe-dn-kjpaw_psl.1.0.0.in,Cu,55,5 5 5,Cu.pbe-dn-kjpaw_psl.1.0.0,-213.06784026
Cu_ecut55_k555_Cu.pbe-dn-rrkjus_psl.1.0.0.in,Cu,55,5 5 5,Cu.pbe-dn-rrkjus_psl.1.0.0,-122.71774675
Cu_ecut55_k555_Cu.pbesol-dn-kjpaw_psl.1.0.0.in,Cu,55,5 5 5,Cu.pbesol-dn-kjpaw_psl.1.0.0,-210.38226058
Cu_ecut55_k555_Cu.pbesol-dn-rrkjus_psl.1.0.0.in,Cu,55,5 5 5,Cu.pbesol-dn-rrkjus_psl.1.0.0,-122.37154908
Cu_ecut55_k666_Cu.pbe-dn-kjpaw_psl.1.0.0.in,Cu,55,6 6 6,Cu.pbe-dn-kjpaw_psl.1.0.0,-213.05640036
Cu_ecut55_k666_Cu.pbe-dn-rrkjus_psl.1.0.0.in,Cu,55,6 6 6,Cu.pbe-dn-rrkjus_psl.1.0.0,-122.70647905
Cu_ecut55_k666_Cu.pbesol-dn-kjpaw_psl.1.0.0.in,Cu,55,6 6 6,Cu.pbesol-dn-kjpaw_psl.1.0.0,-210.37225043
Cu_ecut55_k666_Cu.pbesol-dn-rrkjus_psl.1.0.0.in,Cu,55,6 6 6,Cu.pbesol-dn-rrkjus_psl.1.0.0,-122.36161931
Cu_ecut55_k777_Cu.pbe-dn-kjpaw_psl.1.0.0.in,Cu,55,7 7 7,Cu.pbe-dn-kjpaw_psl.1.0.0,-213.06469501
Cu_ecut55_k777_Cu.pbe-dn-rrkjus_psl.1.0.0.in,Cu,55,7 7 7,Cu.pbe-dn-rrkjus_psl.1.0.0,-122.71471078
Cu_ecut55_k777_Cu.pbesol-dn-kjpaw_psl.1.0.0.in,Cu,55,7 7 7,Cu.pbesol-dn-kjpaw_psl.1.0.0,-210.38013124
Cu_ecut55_k777_Cu.pbesol-dn-rrkjus_psl.1.0.0.in,Cu,55,7 7 7,Cu.pbesol-dn-rrkjus_psl.1.0.0,-122.36941676
Cu_ecut55_k888_Cu.pbe-dn-kjpaw_psl.1.0.0.in,Cu,55,8 8 8,Cu.pbe-dn-kjpaw_psl.1.0.0,-213.057116
Cu_ecut55_k888_Cu.pbe-dn-rrkjus_psl.1.0.0.in,Cu,55,8 8 8,Cu.pbe-dn-rrkjus_psl.1.0.0,-122.7071892
Cu_ecut55_k888_Cu.pbesol-dn-kjpaw_psl.1.0.0.in,Cu,55,8 8 8,Cu.pbesol-dn-kjpaw_psl.1.0.0,-210.37244657
Cu_ecut55_k888_Cu.pbesol-dn-rrkjus_psl.1.0.0.in,Cu,55,8 8 8,Cu.pbesol-dn-rrkjus_psl.1.0.0,-122.36182693
Cu_ecut55_k999_Cu.pbe-dn-kjpaw_psl.1.0.0.in,Cu,55,9 9 9,Cu.pbe-dn-kjpaw_psl.1.0.0,-213.06173157
Cu_ecut55_k999_Cu.pbe-dn-rrkjus_psl.1.0.0.in,Cu,55,9 9 9,Cu.pbe-dn-rrkjus_psl.1.0.0,-122.71177221
Cu_ecut55_k999_Cu.pbesol-dn-kjpaw_psl.1.0.0.in,Cu,55,9 9 9,Cu.pbesol-dn-kjpaw_psl.1.0.0,-210.37737293
Cu_ecut55_k999_Cu.pbesol-dn-rrkjus_psl.1.0.0.in,Cu,55,9 9 9,Cu.pbesol-dn-rrkjus_psl.1.0.0,-122.36670328
Cu_ecut55_k101010_Cu.pbe-dn-kjpaw_psl.1.0.0.in,Cu,55,10 10 10,Cu.pbe-dn-kjpaw_psl.1.0.0,-213.05840381
Cu_ecut55_k101010_Cu.pbe-dn-rrkjus_psl.1.0.0.in,Cu,55,10 10 10,Cu.pbe-dn-rrkjus_psl.1.0.0,-122.70849035
Cu_ecut55_k101010_Cu.pbesol-dn-kjpaw_psl.1.0.0.in,Cu,55,10 10 10,Cu.pbesol-dn-kjpaw_psl.1.0.0,-210.37406353
Cu_ecut55_k101010_Cu.pbesol-dn-rrkjus_psl.1.0.0.in,Cu,55,10 10 10,Cu.pbesol-dn-rrkjus_psl.1.0.0,-122.36345182
Cu_ecut55_k111111_Cu.pbe-dn-kjpaw_psl.1.0.0.in,Cu,55,11 11 11,Cu.pbe-dn-kjpaw_psl.1.0.0,-213.06020653
Cu_ecut55_k111111_Cu.pbe-dn-rrkjus_psl.1.0.0.in,Cu,55,11 11 11,Cu.pbe-dn-rrkjus_psl.1.0.0,-122.71026693
Cu_ecut55_k111111_Cu.pbesol-dn-kjpaw_psl.1.0.0.in,Cu,55,11 11 11,Cu.pbesol-dn-kjpaw_psl.1.0.0,-210.37583274
Cu_ecut55_k111111_Cu.pbesol-dn-rrkjus_psl.1.0.0.in,Cu,55,11 11 11,Cu.pbesol-dn-rrkjus_psl.1.0.0,-122.36519562
Cu_ecut60_k111_Cu.pbe-dn-kjpaw_psl.1.0.0.in,Cu,60,1 1 1,Cu.pbe-dn-kjpaw_psl.1.0.0,-213.7689634
Cu_ecut60_k111_Cu.pbe-dn-rrkjus_psl.1.0.0.in,Cu,60,1 1 1,Cu.pbe-dn-rrkjus_psl.1.0.0,-123.42170873
Cu_ecut60_k111_Cu.pbesol-dn-kjpaw_psl.1.0.0.in,Cu,60,1 1 1,Cu.pbesol-dn-kjpaw_psl.1.0.0,-211.08939654
Cu_ecut60_k111_Cu.pbesol-dn-rrkjus_psl.1.0.0.in,Cu,60,1 1 1,Cu.pbesol-dn-rrkjus_psl.1.0.0,-123.08163578
Cu_ecut60_k222_Cu.pbe-dn-kjpaw_psl.1.0.0.in,Cu,60,2 2 2,Cu.pbe-dn-kjpaw_psl.1.0.0,-212.91120505
Cu_ecut60_k222_Cu.pbe-dn-rrkjus_psl.1.0.0.in,Cu,60,2 2 2,Cu.pbe-dn-rrkjus_psl.1.0.0,-122.56162493
Cu_ecut60_k222_Cu.pbesol-dn-kjpaw_psl.1.0.0.in,Cu,60,2 2 2,Cu.pbesol-dn-kjpaw_psl.1.0.0,-210.23044398
Cu_ecut60_k222_Cu.pbesol-dn-rrkjus_psl.1.0.0.in,Cu,60,2 2 2,Cu.pbesol-dn-rrkjus_psl.1.0.0,-122.22014943
Cu_ecut60_k333_Cu.pbe-dn-kjpaw_psl.1.0.0.in,Cu,60,3 3 3,Cu.pbe-dn-kjpaw_psl.1.0.0,-213.08606625
Cu_ecut60_k333_Cu.pbe-dn-rrkjus_psl.1.0.0.in,Cu,60,3 3 3,Cu.pbe-dn-rrkjus_psl.1.0.0,-122.73618
Cu_ecut60_k333_Cu.pbesol-dn-kjpaw_psl.1.0.0.in,Cu,60,3 3 3,Cu.pbesol-dn-kjpaw_psl.1.0.0,-210.40266142
Cu_ecut60_k333_Cu.pbesol-dn-rrkjus_psl.1.0.0.in,Cu,60,3 3 3,Cu.pbesol-dn-rrkjus_psl.1.0.0,-122.39205984
Cu_ecut60_k444_Cu.pbe-dn-kjpaw_psl.1.0.0.in,Cu,60,4 4 4,Cu.pbe-dn-kjpaw_psl.1.0.0,-213.04939295
Cu_ecut60_k444_Cu.pbe-dn-rrkjus_psl.1.0.0.in,Cu,60,4 4 4,Cu.pbe-dn-rrkjus_psl.1.0.0,-122.69947107
Cu_ecut60_k444_Cu.pbesol-dn-kjpaw_psl.1.0.0.in,Cu,60,4 4 4,Cu.pbesol-dn-kjpaw_psl.1.0.0,-210.36508868
Cu_ecut60_k444_Cu.pbesol-dn-rrkjus_psl.1.0.0.in,Cu,60,4 4 4,Cu.pbesol-dn-rrkjus_psl.1.0.0,-122.3544173
Cu_ecut60_k555_Cu.pbe-dn-kjpaw_psl.1.0.0.in,Cu,60,5 5 5,Cu.pbe-dn-kjpaw_psl.1.0.0,-213.06801893
Cu_ecut60_k555_Cu.pbe-dn-rrkjus_psl.1.0.0.in,Cu,60,5 5 5,Cu.pbe-dn-rrkjus_psl.1.0.0,-122.71792741
Cu_ecut60_k555_Cu.pbesol-dn-kjpaw_psl.1.0.0.in,Cu,60,5 5 5,Cu.pbesol-dn-kjpaw_psl.1.0.0,-210.38244815
Cu_ecut60_k555_Cu.pbesol-dn-rrkjus_psl.1.0.0.in,Cu,60,5 5 5,Cu.pbesol-dn-rrkjus_psl.1.0.0,-122.37174272
Cu_ecut60_k666_Cu.pbe-dn-kjpaw_psl.1.0.0.in,Cu,60,6 6 6,Cu.pbe-dn-kjpaw_psl.1.0.0,-213.05656809
Cu_ecut60_k666_Cu.pbe-dn-rrkjus_psl.1.0.0.in,Cu,60,6 6 6,Cu.pbe-dn-rrkjus_psl.1.0.0,-122.70664686
Cu_ecut60_k666_Cu.pbesol-dn-kjpaw_psl.1.0.0.in,Cu,60,6 6 6,Cu.pbesol-dn-kjpaw_psl.1.0.0,-210.37245707
Cu_ecut60_k666_Cu.pbesol-dn-rrkjus_psl.1.0.0.in,Cu,60,6 6 6,Cu.pbesol-dn-rrkjus_psl.1.0.0,-122.36183719
Cu_ecut60_k777_Cu.pbe-dn-kjpaw_psl.1.0.0.in,Cu,60,7 7 7,Cu.pbe-dn-kjpaw_psl.1.0.0,-213.06489358
Cu_ecut60_k777_Cu.pbe-dn-rrkjus_psl.1.0.0.in,Cu,60,7 7 7,Cu.pbe-dn-rrkjus_psl.1.0.0,-122.71489675
Cu_ecut60_k777_Cu.pbesol-dn-kjpaw_psl.1.0.0.in,Cu,60,7 7 7,Cu.pbesol-dn-kjpaw_psl.1.0.0,-210.38034246
Cu_ecut60_k777_Cu.pbesol-dn-rrkjus_psl.1.0.0.in,Cu,60,7 7 7,Cu.pbesol-dn-rrkjus_psl.1.0.0,-122.36960757
Cu_ecut60_k888_Cu.pbe-dn-kjpaw_psl.1.0.0.in,Cu,60,8 8 8,Cu.pbe-dn-kjpaw_psl.1.0.0,-213.05732345
Cu_ecut60_k888_Cu.pbe-dn-rrkjus_psl.1.0.0.in,Cu,60,8 8 8,Cu.pbe-dn-rrkjus_psl.1.0.0,-122.70738273
Cu_ecut60_k888_Cu.pbesol-dn-kjpaw_psl.1.0.0.in,Cu,60,8 8 8,Cu.pbesol-dn-kjpaw_psl.1.0.0,-210.37266361
Cu_ecut60_k888_Cu.pbesol-dn-rrkjus_psl.1.0.0.in,Cu,60,8 8 8,Cu.pbesol-dn-rrkjus_psl.1.0.0,-122.36203463
Cu_ecut60_k999_Cu.pbe-dn-kjpaw_psl.1.0.0.in,Cu,60,9 9 9,Cu.pbe-dn-kjpaw_psl.1.0.0,-213.0619088
Cu_ecut60_k999_Cu.pbe-dn-rrkjus_psl.1.0.0.in,Cu,60,9 9 9,Cu.pbe-dn-rrkjus_psl.1.0.0,-122.71195457
Cu_ecut60_k999_Cu.pbesol-dn-kjpaw_psl.1.0.0.in,Cu,60,9 9 9,Cu.pbesol-dn-kjpaw_psl.1.0.0,-210.37756496
Cu_ecut60_k999_Cu.pbesol-dn-rrkjus_psl.1.0.0.in,Cu,60,9 9 9,Cu.pbesol-dn-rrkjus_psl.1.0.0,-122.36690655
Cu_ecut60_k101010_Cu.pbe-dn-kjpaw_psl.1.0.0.in,Cu,60,10 10 10,Cu.pbe-dn-kjpaw_psl.1.0.0,-213.05860254
Cu_ecut60_k101010_Cu.pbe-dn-rrkjus_psl.1.0.0.in,Cu,60,10 10 10,Cu.pbe-dn-rrkjus_psl.1.0.0,-122.70868372
Cu_ecut60_k101010_Cu.pbesol-dn-kjpaw_psl.1.0.0.in,Cu,60,10 10 10,Cu.pbesol-dn-kjpaw_psl.1.0.0,-210.37426924
Cu_ecut60_k101010_Cu.pbesol-dn-rrkjus_psl.1.0.0.in,Cu,60,10 10 10,Cu.pbesol-dn-rrkjus_psl.1.0.0,-122.36365416
Cu_ecut60_k111111_Cu.pbe-dn-kjpaw_psl.1.0.0.in,Cu,60,11 11 11,Cu.pbe-dn-kjpaw_psl.1.0.0,-213.06039604
Cu_ecut60_k111111_Cu.pbe-dn-rrkjus_psl.1.0.0.in,Cu,60,11 11 11,Cu.pbe-dn-rrkjus_psl.1.0.0,-122.71046394
Cu_ecut60_k111111_Cu.pbesol-dn-kjpaw_psl.1.0.0.in,Cu,60,11 11 11,Cu.pbesol-dn-kjpaw_psl.1.0.0,-210.37603817
Cu_ecut60_k111111_Cu.pbesol-dn-rrkjus_psl.1.0.0.in,Cu,60,11 11 11,Cu.pbesol-dn-rrkjus_psl.1.0.0,-122.36540745
Cu_ecut65_k111_Cu.pbe-dn-kjpaw_psl.1.0.0.in,Cu,65,1 1 1,Cu.pbe-dn-kjpaw_psl.1.0.0,-213.76887544
Cu_ecut65_k111_Cu.pbe-dn-rrkjus_psl.1.0.0.in,Cu,65,1 1 1,Cu.pbe-dn-rrkjus_psl.1.0.0,-123.42174202
Cu_ecut65_k111_Cu.pbesol-dn-kjpaw_psl.1.0.0.in,Cu,65,1 1 1,Cu.pbesol-dn-kjpaw_psl.1.0.0,-211.08926395
Cu_ecut65_k111_Cu.pbesol-dn-rrkjus_psl.1.0.0.in,Cu,65,1 1 1,Cu.pbesol-dn-rrkjus_psl.1.0.0,-123.08164852
Cu_ecut65_k222_Cu.pbe-dn-kjpaw_psl.1.0.0.in,Cu,65,2 2 2,Cu.pbe-dn-kjpaw_psl.1.0.0,-212.91125108
Cu_ecut65_k222_Cu.pbe-dn-rrkjus_psl.1.0.0.in,Cu,65,2 2 2,Cu.pbe-dn-rrkjus_psl.1.0.0,-122.56165436
Cu_ecut65_k222_Cu.pbesol-dn-kjpaw_psl.1.0.0.in,Cu,65,2 2 2,Cu.pbesol-dn-kjpaw_psl.1.0.0,-210.23050108
Cu_ecut65_k222_Cu.pbesol-dn-rrkjus_psl.1.0.0.in,Cu,65,2 2 2,Cu.pbesol-dn-rrkjus_psl.1.0.0,-122.22018956
Cu_ecut65_k333_Cu.pbe-dn-kjpaw_psl.1.0.0.in,Cu,65,3 3 3,Cu.pbe-dn-kjpaw_psl.1.0.0,-213.08608388
Cu_ecut65_k333_Cu.pbe-dn-rrkjus_psl.1.0.0.in,Cu,65,3 3 3,Cu.pbe-dn-rrkjus_psl.1.0.0,-122.73619234
Cu_ecut65_k333_Cu.pbesol-dn-kjpaw_psl.1.0.0.in,Cu,65,3 3 3,Cu.pbesol-dn-kjpaw_psl.1.0.0,-210.40264398
Cu_ecut65_k333_Cu.pbesol-dn-rrkjus_psl.1.0.0.in,Cu,65,3 3 3,Cu.pbesol-dn-rrkjus_psl.1.0.0,-122.39206447
Cu_ecut65_k444_Cu.pbe-dn-kjpaw_psl.1.0.0.in,Cu,65,4 4 4,Cu.pbe-dn-kjpaw_psl.1.0.0,-213.04941405
Cu_ecut65_k444_Cu.pbe-dn-rrkjus_psl.1.0.0.in,Cu,65,4 4 4,Cu.pbe-dn-rrkjus_psl.1.0.0,-122.69951365
Cu_ecut65_k444_Cu.pbesol-dn-kjpaw_psl.1.0.0.in,Cu,65,4 4 4,Cu.pbesol-dn-kjpaw_psl.1.0.0,-210.36510486
Cu_ecut65_k444_Cu.pbesol-dn-rrkjus_psl.1.0.0.in,Cu,65,4 4 4,Cu.pbesol-dn-rrkjus_psl.1.0.0,-122.35445872
Cu_ecut65_k555_Cu.pbe-dn-kjpaw_psl.1.0.0.in,Cu,65,5 5 5,Cu.pbe-dn-kjpaw_psl.1.0.0,-213.06803961
Cu_ecut65_k555_Cu.pbe-dn-rrkjus_psl.1.0.0.in,Cu,65,5 5 5,Cu.pbe-dn-rrkjus_psl.1.0.0,-122.71793968
Cu_ecut65_k555_Cu.pbesol-dn-kjpaw_psl.1.0.0.in,Cu,65,5 5 5,Cu.pbesol-dn-kjpaw_psl.1.0.0,-210.38246424
Cu_ecut65_k555_Cu.pbesol-dn-rrkjus_psl.1.0.0.in,Cu,65,5 5 5,Cu.pbesol-dn-rrkjus_psl.1.0.0,-122.37175395
Cu_ecut65_k666_Cu.pbe-dn-kjpaw_psl.1.0.0.in,Cu,65,6 6 6,Cu.pbe-dn-kjpaw_psl.1.0.0,-213.05659837
Cu_ecut65_k666_Cu.pbe-dn-rrkjus_psl.1.0.0.in,Cu,65,6 6 6,Cu.pbe-dn-rrkjus_psl.1.0.0,-122.70667449
Cu_ecut65_k666_Cu.pbesol-dn-kjpaw_psl.1.0.0.in,Cu,65,6 6 6,Cu.pbesol-dn-kjpaw_psl.1.0.0,-210.3724412
Cu_ecut65_k666_Cu.pbesol-dn-rrkjus_psl.1.0.0.in,Cu,65,6 6 6,Cu.pbesol-dn-rrkjus_psl.1.0.0,-122.36183391
Cu_ecut65_k777_Cu.pbe-dn-kjpaw_psl.1.0.0.in,Cu,65,7 7 7,Cu.pbe-dn-kjpaw_psl.1.0.0,-213.06490445
Cu_ecut65_k777_Cu.pbe-dn-rrkjus_psl.1.0.0.in,Cu,65,7 7 7,Cu.pbe-dn-rrkjus_psl.1.0.0,-122.71491087
Cu_ecut65_k777_Cu.pbesol-dn-kjpaw_psl.1.0.0.in,Cu,65,7 7 7,Cu.pbesol-dn-kjpaw_psl.1.0.0,-210.38034888
Cu_ecut65_k777_Cu.pbesol-dn-rrkjus_psl.1.0.0.in,Cu,65,7 7 7,Cu.pbesol-dn-rrkjus_psl.1.0.0,-122.36962297
Cu_ecut65_k888_Cu.pbe-dn-kjpaw_psl.1.0.0.in,Cu,65,8 8 8,Cu.pbe-dn-kjpaw_psl.1.0.0,-213.05733261
Cu_ecut65_k888_Cu.pbe-dn-rrkjus_psl.1.0.0.in,Cu,65,8 8 8,Cu.pbe-dn-rrkjus_psl.1.0.0,-122.70740328
Cu_ecut65_k888_Cu.pbesol-dn-kjpaw_psl.1.0.0.in,Cu,65,8 8 8,Cu.pbesol-dn-kjpaw_psl.1.0.0,-210.3726803
Cu_ecut65_k888_Cu.pbesol-dn-rrkjus_psl.1.0.0.in,Cu,65,8 8 8,Cu.pbesol-dn-rrkjus_psl.1.0.0,-122.36205027
Cu_ecut65_k999_Cu.pbe-dn-kjpaw_psl.1.0.0.in,Cu,65,9 9 9,Cu.pbe-dn-kjpaw_psl.1.0.0,-213.06192816
Cu_ecut65_k999_Cu.pbe-dn-rrkjus_psl.1.0.0.in,Cu,65,9 9 9,Cu.pbe-dn-rrkjus_psl.1.0.0,-122.71197305
Cu_ecut65_k999_Cu.pbesol-dn-kjpaw_psl.1.0.0.in,Cu,65,9 9 9,Cu.pbesol-dn-kjpaw_psl.1.0.0,-210.37757788
Cu_ecut65_k999_Cu.pbesol-dn-rrkjus_psl.1.0.0.in,Cu,65,9 9 9,Cu.pbesol-dn-rrkjus_psl.1.0.0,-122.36690977
Cu_ecut65_k101010_Cu.pbe-dn-kjpaw_psl.1.0.0.in,Cu,65,10 10 10,Cu.pbe-dn-kjpaw_psl.1.0.0,-213.05861316
Cu_ecut65_k101010_Cu.pbe-dn-rrkjus_psl.1.0.0.in,Cu,65,10 10 10,Cu.pbe-dn-rrkjus_psl.1.0.0,-122.70868993
Cu_ecut65_k101010_Cu.pbesol-dn-kjpaw_psl.1.0.0.in,Cu,65,10 10 10,Cu.pbesol-dn-kjpaw_psl.1.0.0,-210.37428138
Cu_ecut65_k101010_Cu.pbesol-dn-rrkjus_psl.1.0.0.in,Cu,65,10 10 10,Cu.pbesol-dn-rrkjus_psl.1.0.0,-122.36365505
Cu_ecut65_k111111_Cu.pbe-dn-kjpaw_psl.1.0.0.in,Cu,65,11 11 11,Cu.pbe-dn-kjpaw_psl.1.0.0,-213.06041339
Cu_ecut65_k111111_Cu.pbe-dn-rrkjus_psl.1.0.0.in,Cu,65,11 11 11,Cu.pbe-dn-rrkjus_psl.1.0.0,-122.71047349
Cu_ecut65_k111111_Cu.pbesol-dn-kjpaw_psl.1.0.0.in,Cu,65,11 11 11,Cu.pbesol-dn-kjpaw_psl.1.0.0,-210.37605031
Cu_ecut65_k111111_Cu.pbesol-dn-rrkjus_psl.1.0.0.in,Cu,65,11 11 11,Cu.pbesol-dn-rrkjus_psl.1.0.0,-122.36540694
Cu_ecut70_k111_Cu.pbe-dn-kjpaw_psl.1.0.0.in,Cu,70,1 1 1,Cu.pbe-dn-kjpaw_psl.1.0.0,-213.76886447
Cu_ecut70_k111_Cu.pbe-dn-rrkjus_psl.1.0.0.in,Cu,70,1 1 1,Cu.pbe-dn-rrkjus_psl.1.0.0,-123.42173605
Cu_ecut70_k111_Cu.pbesol-dn-kjpaw_psl.1.0.0.in,Cu,70,1 1 1,Cu.pbesol-dn-kjpaw_psl.1.0.0,-211.08925884
Cu_ecut70_k111_Cu.pbesol-dn-rrkjus_psl.1.0.0.in,Cu,70,1 1 1,Cu.pbesol-dn-rrkjus_psl.1.0.0,-123.08163693
Cu_ecut70_k222_Cu.pbe-dn-kjpaw_psl.1.0.0.in,Cu,70,2 2 2,Cu.pbe-dn-kjpaw_psl.1.0.0,-212.91122526
Cu_ecut70_k222_Cu.pbe-dn-rrkjus_psl.1.0.0.in,Cu,70,2 2 2,Cu.pbe-dn-rrkjus_psl.1.0.0,-122.56163534
Cu_ecut70_k222_Cu.pbesol-dn-kjpaw_psl.1.0.0.in,Cu,70,2 2 2,Cu.pbesol-dn-kjpaw_psl.1.0.0,-210.23044008
Cu_ecut70_k222_Cu.pbesol-dn-rrkjus_psl.1.0.0.in,Cu,70,2 2 2,Cu.pbesol-dn-rrkjus_psl.1.0.0,-122.22015609
Cu_ecut70_k333_Cu.pbe-dn-kjpaw_psl.1.0.0.in,Cu,70,3 3 3,Cu.pbe-dn-kjpaw_psl.1.0.0,-213.08608842
Cu_ecut70_k333_Cu.pbe-dn-rrkjus_psl.1.0.0.in,Cu,70,3 3 3,Cu.pbe-dn-rrkjus_psl.1.0.0,-122.73621172
Cu_ecut70_k333_Cu.pbesol-dn-kjpaw_psl.1.0.0.in,Cu,70,3 3 3,Cu.pbesol-dn-kjpaw_psl.1.0.0,-210.4026729
Cu_ecut70_k333_Cu.pbesol-dn-rrkjus_psl.1.0.0.in,Cu,70,3 3 3,Cu.pbesol-dn-rrkjus_psl.1.0.0,-122.39208021
Cu_ecut70_k444_Cu.pbe-dn-kjpaw_psl.1.0.0.in,Cu,70,4 4 4,Cu.pbe-dn-kjpaw_psl.1.0.0,-213.04942866
Cu_ecut70_k444_Cu.pbe-dn-rrkjus_psl.1.0.0.in,Cu,70,4 4 4,Cu.pbe-dn-rrkjus_psl.1.0.0,-122.69954666
Cu_ecut70_k444_Cu.pbesol-dn-kjpaw_psl.1.0.0.in,Cu,70,4 4 4,Cu.pbesol-dn-kjpaw_psl.1.0.0,-210.36510788
Cu_ecut70_k444_Cu.pbesol-dn-rrkjus_psl.1.0.0.in,Cu,70,4 4 4,Cu.pbesol-dn-rrkjus_psl.1.0.0,-122.35446534
Cu_ecut70_k555_Cu.pbe-dn-kjpaw_psl.1.0.0.in,Cu,70,5 5 5,Cu.pbe-dn-kjpaw_psl.1.0.0,-213.06807224
Cu_ecut70_k555_Cu.pbe-dn-rrkjus_psl.1.0.0.in,Cu,70,5 5 5,Cu.pbe-dn-rrkjus_psl.1.0.0,-122.71797791
Cu_ecut70_k555_Cu.pbesol-dn-kjpaw_psl.1.0.0.in,Cu,70,5 5 5,Cu.pbesol-dn-kjpaw_psl.1.0.0,-210.38248794
Cu_ecut70_k555_Cu.pbesol-dn-rrkjus_psl.1.0.0.in,Cu,70,5 5 5,Cu.pbesol-dn-rrkjus_psl.1.0.0,-122.37177215
Cu_ecut70_k666_Cu.pbe-dn-kjpaw_psl.1.0.0.in,Cu,70,6 6 6,Cu.pbe-dn-kjpaw_psl.1.0.0,-213.05659128
Cu_ecut70_k666_Cu.pbe-dn-rrkjus_psl.1.0.0.in,Cu,70,6 6 6,Cu.pbe-dn-rrkjus_psl.1.0.0,-122.70670135
Cu_ecut70_k666_Cu.pbesol-dn-kjpaw_psl.1.0.0.in,Cu,70,6 6 6,Cu.pbesol-dn-kjpaw_psl.1.0.0,-210.37246393
Cu_ecut70_k666_Cu.pbesol-dn-rrkjus_psl.1.0.0.in,Cu,70,6 6 6,Cu.pbesol-dn-rrkjus_psl.1.0.0,-122.36184986
Cu_ecut70_k777_Cu.pbe-dn-kjpaw_psl.1.0.0.in,Cu,70,7 7 7,Cu.pbe-dn-kjpaw_psl.1.0.0,-213.0649315
Cu_ecut70_k777_Cu.pbe-dn-rrkjus_psl.1.0.0.in,Cu,70,7 7 7,Cu.pbe-dn-rrkjus_psl.1.0.0,-122.71493745
Cu_ecut70_k777_Cu.pbesol-dn-kjpaw_psl.1.0.0.in,Cu,70,7 7 7,Cu.pbesol-dn-kjpaw_psl.1.0.0,-210.38037212
Cu_ecut70_k777_Cu.pbesol-dn-rrkjus_psl.1.0.0.in,Cu,70,7 7 7,Cu.pbesol-dn-rrkjus_psl.1.0.0,-122.36964066
Cu_ecut70_k888_Cu.pbe-dn-kjpaw_psl.1.0.0.in,Cu,70,8 8 8,Cu.pbe-dn-kjpaw_psl.1.0.0,-213.05736692
Cu_ecut70_k888_Cu.pbe-dn-rrkjus_psl.1.0.0.in,Cu,70,8 8 8,Cu.pbe-dn-rrkjus_psl.1.0.0,-122.70741671
Cu_ecut70_k888_Cu.pbesol-dn-kjpaw_psl.1.0.0.in,Cu,70,8 8 8,Cu.pbesol-dn-kjpaw_psl.1.0.0,-210.37269314
Cu_ecut70_k888_Cu.pbesol-dn-rrkjus_psl.1.0.0.in,Cu,70,8 8 8,Cu.pbesol-dn-rrkjus_psl.1.0.0,-122.36203448
Cu_ecut70_k999_Cu.pbe-dn-kjpaw_psl.1.0.0.in,Cu,70,9 9 9,Cu.pbe-dn-kjpaw_psl.1.0.0,-213.06196313
Cu_ecut70_k999_Cu.pbe-dn-rrkjus_psl.1.0.0.in,Cu,70,9 9 9,Cu.pbe-dn-rrkjus_psl.1.0.0,-122.71200695
Cu_ecut70_k999_Cu.pbesol-dn-kjpaw_psl.1.0.0.in,Cu,70,9 9 9,Cu.pbesol-dn-kjpaw_psl.1.0.0,-210.37760572
Cu_ecut70_k999_Cu.pbesol-dn-rrkjus_psl.1.0.0.in,Cu,70,9 9 9,Cu.pbesol-dn-rrkjus_psl.1.0.0,-122.36693954
Cu_ecut70_k101010_Cu.pbe-dn-kjpaw_psl.1.0.0.in,Cu,70,10 10 10,Cu.pbe-dn-kjpaw_psl.1.0.0,-213.05865073
Cu_ecut70_k101010_Cu.pbe-dn-rrkjus_psl.1.0.0.in,Cu,70,10 10 10,Cu.pbe-dn-rrkjus_psl.1.0.0,-122.70872601
Cu_ecut70_k101010_Cu.pbesol-dn-kjpaw_psl.1.0.0.in,Cu,70,10 10 10,Cu.pbesol-dn-kjpaw_psl.1.0.0,-210.37430454
Cu_ecut70_k101010_Cu.pbesol-dn-rrkjus_psl.1.0.0.in,Cu,70,10 10 10,Cu.pbesol-dn-rrkjus_psl.1.0.0,-122.36368234
Cu_ecut70_k111111_Cu.pbe-dn-kjpaw_psl.1.0.0.in,Cu,70,11 11 11,Cu.pbe-dn-kjpaw_psl.1.0.0,-213.06043851
Cu_ecut70_k111111_Cu.pbe-dn-rrkjus_psl.1.0.0.in,Cu,70,11 11 11,Cu.pbe-dn-rrkjus_psl.1.0.0,-122.71050159
Cu_ecut70_k111111_Cu.pbesol-dn-kjpaw_psl.1.0.0.in,Cu,70,11 11 11,Cu.pbesol-dn-kjpaw_psl.1.0.0,-210.37606613
Cu_ecut70_k111111_Cu.pbesol-dn-rrkjus_psl.1.0.0.in,Cu,70,11 11 11,Cu.pbesol-dn-rrkjus_psl.1.0.0,-122.36543097
Cu_ecut75_k111_Cu.pbe-dn-kjpaw_psl.1.0.0.in,Cu,75,1 1 1,Cu.pbe-dn-kjpaw_psl.1.0.0,-213.76893589
Cu_ecut75_k111_Cu.pbe-dn-rrkjus_psl.1.0.0.in,Cu,75,1 1 1,Cu.pbe-dn-rrkjus_psl.1.0.0,-123.42161915
Cu_ecut75_k111_Cu.pbesol-dn-kjpaw_psl.1.0.0.in,Cu,75,1 1 1,Cu.pbesol-dn-kjpaw_psl.1.0.0,-211.0893436
Cu_ecut75_k111_Cu.pbesol-dn-rrkjus_psl.1.0.0.in,Cu,75,1 1 1,Cu.pbesol-dn-rrkjus_psl.1.0.0,-123.08152456
Cu_ecut75_k222_Cu.pbe-dn-kjpaw_psl.1.0.0.in,Cu,75,2 2 2,Cu.pbe-dn-kjpaw_psl.1.0.0,-212.91130042
Cu_ecut75_k222_Cu.pbe-dn-rrkjus_psl.1.0.0.in,Cu,75,2 2 2,Cu.pbe-dn-rrkjus_psl.1.0.0,-122.56174317
Cu_ecut75_k222_Cu.pbesol-dn-kjpaw_psl.1.0.0.in,Cu,75,2 2 2,Cu.pbesol-dn-kjpaw_psl.1.0.0,-210.23050772
Cu_ecut75_k222_Cu.pbesol-dn-rrkjus_psl.1.0.0.in,Cu,75,2 2 2,Cu.pbesol-dn-rrkjus_psl.1.0.0,-122.22025981
Cu_ecut75_k333_Cu.pbe-dn-kjpaw_psl.1.0.0.in,Cu,75,3 3 3,Cu.pbe-dn-kjpaw_psl.1.0.0,-213.08613164
Cu_ecut75_k333_Cu.pbe-dn-rrkjus_psl.1.0.0.in,Cu,75,3 3 3,Cu.pbe-dn-rrkjus_psl.1.0.0,-122.73628791
Cu_ecut75_k333_Cu.pbesol-dn-kjpaw_psl.1.0.0.in,Cu,75,3 3 3,Cu.pbesol-dn-kjpaw_psl.1.0.0,-210.40270309
Cu_ecut75_k333_Cu.pbesol-dn-rrkjus_psl.1.0.0.in,Cu,75,3 3 3,Cu.pbesol-dn-rrkjus_psl.1.0.0,-122.39214935
Cu_ecut75_k444_Cu.pbe-dn-kjpaw_psl.1.0.0.in,Cu,75,4 4 4,Cu.pbe-dn-kjpaw_psl.1.0.0,-213.04951199
Cu_ecut75_k444_Cu.pbe-dn-rrkjus_psl.1.0.0.in,Cu,75,4 4 4,Cu.pbe-dn-rrkjus_psl.1.0.0,-122.69961414
Cu_ecut75_k444_Cu.pbesol-dn-kjpaw_psl.1.0.0.in,Cu,75,4 4 4,Cu.pbesol-dn-kjpaw_psl.1.0.0,-210.36518853
Cu_ecut75_k444_Cu.pbesol-dn-rrkjus_psl.1.0.0.in,Cu,75,4 4 4,Cu.pbesol-dn-rrkjus_psl.1.0.0,-122.35454285
Cu_ecut75_k555_Cu.pbe-dn-kjpaw_psl.1.0.0.in,Cu,75,5 5 5,Cu.pbe-dn-kjpaw_psl.1.0.0,-213.06814919
Cu_ecut75_k555_Cu.pbe-dn-rrkjus_psl.1.0.0.in,Cu,75,5 5 5,Cu.pbe-dn-rrkjus_psl.1.0.0,-122.7180497
Cu_ecut75_k555_Cu.pbesol-dn-kjpaw_psl.1.0.0.in,Cu,75,5 5 5,Cu.pbesol-dn-kjpaw_psl.1.0.0,-210.38255819
Cu_ecut75_k555_Cu.pbesol-dn-rrkjus_psl.1.0.0.in,Cu,75,5 5 5,Cu.pbesol-dn-rrkjus_psl.1.0.0,-122.37184584
Cu_ecut75_k666_Cu.pbe-dn-kjpaw_psl.1.0.0.in,Cu,75,6 6 6,Cu.pbe-dn-kjpaw_psl.1.0.0,-213.05669084
Cu_ecut75_k666_Cu.pbe-dn-rrkjus_psl.1.0.0.in,Cu,75,6 6 6,Cu.pbe-dn-rrkjus_psl.1.0.0,-122.70676194
Cu_ecut75_k666_Cu.pbesol-dn-kjpaw_psl.1.0.0.in,Cu,75,6 6 6,Cu.pbesol-dn-kjpaw_psl.1.0.0,-210.3725619
Cu_ecut75_k666_Cu.pbesol-dn-rrkjus_psl.1.0.0.in,Cu,75,6 6 6,Cu.pbesol-dn-rrkjus_psl.1.0.0,-122.36190824
Cu_ecut75_k777_Cu.pbe-dn-kjpaw_psl.1.0.0.in,Cu,75,7 7 7,Cu.pbe-dn-kjpaw_psl.1.0.0,-213.06501457
Cu_ecut75_k777_Cu.pbe-dn-rrkjus_psl.1.0.0.in,Cu,75,7 7 7,Cu.pbe-dn-rrkjus_psl.1.0.0,-122.71501058
Cu_ecut75_k777_Cu.pbesol-dn-kjpaw_psl.1.0.0.in,Cu,75,7 7 7,Cu.pbesol-dn-kjpaw_psl.1.0.0,-210.3804526
Cu_ecut75_k777_Cu.pbesol-dn-rrkjus_psl.1.0.0.in,Cu,75,7 7 7,Cu.pbesol-dn-rrkjus_psl.1.0.0,-122.36970901
Cu_ecut75_k888_Cu.pbe-dn-kjpaw_psl.1.0.0.in,Cu,75,8 8 8,Cu.pbe-dn-kjpaw_psl.1.0.0,-213.05744815
Cu_ecut75_k888_Cu.pbe-dn-rrkjus_psl.1.0.0.in,Cu,75,8 8 8,Cu.pbe-dn-rrkjus_psl.1.0.0,-122.70750425
Cu_ecut75_k888_Cu.pbesol-dn-kjpaw_psl.1.0.0.in,Cu,75,8 8 8,Cu.pbesol-dn-kjpaw_psl.1.0.0,-210.37275859
Cu_ecut75_k888_Cu.pbesol-dn-rrkjus_psl.1.0.0.in,Cu,75,8 8 8,Cu.pbesol-dn-rrkjus_psl.1.0.0,-122.36212199
Cu_ecut75_k999_Cu.pbe-dn-kjpaw_psl.1.0.0.in,Cu,75,9 9 9,Cu.pbe-dn-kjpaw_psl.1.0.0,-213.06203802
Cu_ecut75_k999_Cu.pbe-dn-rrkjus_psl.1.0.0.in,Cu,75,9 9 9,Cu.pbe-dn-rrkjus_psl.1.0.0,-122.71207509
Cu_ecut75_k999_Cu.pbesol-dn-kjpaw_psl.1.0.0.in,Cu,75,9 9 9,Cu.pbesol-dn-kjpaw_psl.1.0.0,-210.37767868
Cu_ecut75_k999_Cu.pbesol-dn-rrkjus_psl.1.0.0.in,Cu,75,9 9 9,Cu.pbesol-dn-rrkjus_psl.1.0.0,-122.36700423
Cu_ecut75_k101010_Cu.pbe-dn-kjpaw_psl.1.0.0.in,Cu,75,10 10 10,Cu.pbe-dn-kjpaw_psl.1.0.0,-213.05872857
Cu_ecut75_k101010_Cu.pbe-dn-rrkjus_psl.1.0.0.in,Cu,75,10 10 10,Cu.pbe-dn-rrkjus_psl.1.0.0,-122.70880036
Cu_ecut75_k101010_Cu.pbesol-dn-kjpaw_psl.1.0.0.in,Cu,75,10 10 10,Cu.pbesol-dn-kjpaw_psl.1.0.0,-210.37437817
Cu_ecut75_k101010_Cu.pbesol-dn-rrkjus_psl.1.0.0.in,Cu,75,10 10 10,Cu.pbesol-dn-rrkjus_psl.1.0.0,-122.36375288
Cu_ecut75_k111111_Cu.pbe-dn-kjpaw_psl.1.0.0.in,Cu,75,11 11 11,Cu.pbe-dn-kjpaw_psl.1.0.0,-213.06052381
Cu_ecut75_k111111_Cu.pbe-dn-rrkjus_psl.1.0.0.in,Cu,75,11 11 11,Cu.pbe-dn-rrkjus_psl.1.0.0,-122.71057385
Cu_ecut75_k111111_Cu.pbesol-dn-kjpaw_psl.1.0.0.in,Cu,75,11 11 11,Cu.pbesol-dn-kjpaw_psl.1.0.0,-210.3761503
Cu_ecut75_k111111_Cu.pbesol-dn-rrkjus_psl.1.0.0.in,Cu,75,11 11 11,Cu.pbesol-dn-rrkjus_psl.1.0.0,-122.36549818
Cu_ecut80_k111_Cu.pbe-dn-kjpaw_psl.1.0.0.in,Cu,80,1 1 1,Cu.pbe-dn-kjpaw_psl.1.0.0,-213.76896607
Cu_ecut80_k111_Cu.pbe-dn-rrkjus_psl.1.0.0.in,Cu,80,1 1 1,Cu.pbe-dn-rrkjus_psl.1.0.0,-123.42167761
Cu_ecut80_k111_Cu.pbesol-dn-kjpaw_psl.1.0.0.in,Cu,80,1 1 1,Cu.pbesol-dn-kjpaw_psl.1.0.0,-211.08937438
Cu_ecut80_k111_Cu.pbesol-dn-rrkjus_psl.1.0.0.in,Cu,80,1 1 1,Cu.pbesol-dn-rrkjus_psl.1.0.0,-123.08158925
Cu_ecut80_k222_Cu.pbe-dn-kjpaw_psl.1.0.0.in,Cu,80,2 2 2,Cu.pbe-dn-kjpaw_psl.1.0.0,-212.91138997
Cu_ecut80_k222_Cu.pbe-dn-rrkjus_psl.1.0.0.in,Cu,80,2 2 2,Cu.pbe-dn-rrkjus_psl.1.0.0,-122.56180538
Cu_ecut80_k222_Cu.pbesol-dn-kjpaw_psl.1.0.0.in,Cu,80,2 2 2,Cu.pbesol-dn-kjpaw_psl.1.0.0,-210.23060356
Cu_ecut80_k222_Cu.pbesol-dn-rrkjus_psl.1.0.0.in,Cu,80,2 2 2,Cu.pbesol-dn-rrkjus_psl.1.0.0,-122.22035183
Cu_ecut80_k333_Cu.pbe-dn-kjpaw_psl.1.0.0.in,Cu,80,3 3 3,Cu.pbe-dn-kjpaw_psl.1.0.0,-213.08620448
Cu_ecut80_k333_Cu.pbe-dn-rrkjus_psl.1.0.0.in,Cu,80,3 3 3,Cu.pbe-dn-rrkjus_psl.1.0.0,-122.73631689
Cu_ecut80_k333_Cu.pbesol-dn-kjpaw_psl.1.0.0.in,Cu,80,3 3 3,Cu.pbesol-dn-kjpaw_psl.1.0.0,-210.40278153
Cu_ecut80_k333_Cu.pbesol-dn-rrkjus_psl.1.0.0.in,Cu,80,3 3 3,Cu.pbesol-dn-rrkjus_psl.1.0.0,-122.39217839
Cu_ecut80_k444_Cu.pbe-dn-kjpaw_psl.1.0.0.in,Cu,80,4 4 4,Cu.pbe-dn-kjpaw_psl.1.0.0,-213.04959648
Cu_ecut80_k444_Cu.pbe-dn-rrkjus_psl.1.0.0.in,Cu,80,4 4 4,Cu.pbe-dn-rrkjus_psl.1.0.0,-122.6996934
Cu_ecut80_k444_Cu.pbesol-dn-kjpaw_psl.1.0.0.in,Cu,80,4 4 4,Cu.pbesol-dn-kjpaw_psl.1.0.0,-210.36527902
Cu_ecut80_k444_Cu.pbesol-dn-rrkjus_psl.1.0.0.in,Cu,80,4 4 4,Cu.pbesol-dn-rrkjus_psl.1.0.0,-122.35463191
Cu_ecut80_k555_Cu.pbe-dn-kjpaw_psl.1.0.0.in,Cu,80,5 5 5,Cu.pbe-dn-kjpaw_psl.1.0.0,-213.06823369
Cu_ecut80_k555_Cu.pbe-dn-rrkjus_psl.1.0.0.in,Cu,80,5 5 5,Cu.pbe-dn-rrkjus_psl.1.0.0,-122.7181224
Cu_ecut80_k555_Cu.pbesol-dn-kjpaw_psl.1.0.0.in,Cu,80,5 5 5,Cu.pbesol-dn-kjpaw_psl.1.0.0,-210.38264768
Cu_ecut80_k555_Cu.pbesol-dn-rrkjus_psl.1.0.0.in,Cu,80,5 5 5,Cu.pbesol-dn-rrkjus_psl.1.0.0,-122.37192075
Cu_ecut80_k666_Cu.pbe-dn-kjpaw_psl.1.0.0.in,Cu,80,6 6 6,Cu.pbe-dn-kjpaw_psl.1.0.0,-213.05677046
Cu_ecut80_k666_Cu.pbe-dn-rrkjus_psl.1.0.0.in,Cu,80,6 6 6,Cu.pbe-dn-rrkjus_psl.1.0.0,-122.70683814
Cu_ecut80_k666_Cu.pbesol-dn-kjpaw_psl.1.0.0.in,Cu,80,6 6 6,Cu.pbesol-dn-kjpaw_psl.1.0.0,-210.37261503
Cu_ecut80_k666_Cu.pbesol-dn-rrkjus_psl.1.0.0.in,Cu,80,6 6 6,Cu.pbesol-dn-rrkjus_psl.1.0.0,-122.36198982
Cu_ecut80_k777_Cu.pbe-dn-kjpaw_psl.1.0.0.in,Cu,80,7 7 7,Cu.pbe-dn-kjpaw_psl.1.0.0,-213.06508245
Cu_ecut80_k777_Cu.pbe-dn-rrkjus_psl.1.0.0.in,Cu,80,7 7 7,Cu.pbe-dn-rrkjus_psl.1.0.0,-122.71507828
Cu_ecut80_k777_Cu.pbesol-dn-kjpaw_psl.1.0.0.in,Cu,80,7 7 7,Cu.pbesol-dn-kjpaw_psl.1.0.0,-210.38052338
Cu_ecut80_k777_Cu.pbesol-dn-rrkjus_psl.1.0.0.in,Cu,80,7 7 7,Cu.pbesol-dn-rrkjus_psl.1.0.0,-122.36977677
Cu_ecut80_k888_Cu.pbe-dn-kjpaw_psl.1.0.0.in,Cu,80,8 8 8,Cu.pbe-dn-kjpaw_psl.1.0.0,-213.05752502
Cu_ecut80_k888_Cu.pbe-dn-rrkjus_psl.1.0.0.in,Cu,80,8 8 8,Cu.pbe-dn-rrkjus_psl.1.0.0,-122.70758097
Cu_ecut80_k888_Cu.pbesol-dn-kjpaw_psl.1.0.0.in,Cu,80,8 8 8,Cu.pbesol-dn-kjpaw_psl.1.0.0,-210.3728426
Cu_ecut80_k888_Cu.pbesol-dn-rrkjus_psl.1.0.0.in,Cu,80,8 8 8,Cu.pbesol-dn-rrkjus_psl.1.0.0,-122.36219852
Cu_ecut80_k999_Cu.pbe-dn-kjpaw_psl.1.0.0.in,Cu,80,9 9 9,Cu.pbe-dn-kjpaw_psl.1.0.0,-213.06210888
Cu_ecut80_k999_Cu.pbe-dn-rrkjus_psl.1.0.0.in,Cu,80,9 9 9,Cu.pbe-dn-rrkjus_psl.1.0.0,-122.71214988
Cu_ecut80_k999_Cu.pbesol-dn-kjpaw_psl.1.0.0.in,Cu,80,9 9 9,Cu.pbesol-dn-kjpaw_psl.1.0.0,-210.37775243
Cu_ecut80_k999_Cu.pbesol-dn-rrkjus_psl.1.0.0.in,Cu,80,9 9 9,Cu.pbesol-dn-rrkjus_psl.1.0.0,-122.36708118
Cu_ecut80_k101010_Cu.pbe-dn-kjpaw_psl.1.0.0.in,Cu,80,10 10 10,Cu.pbe-dn-kjpaw_psl.1.0.0,-213.05879861
Cu_ecut80_k101010_Cu.pbe-dn-rrkjus_psl.1.0.0.in,Cu,80,10 10 10,Cu.pbe-dn-rrkjus_psl.1.0.0,-122.70886789
Cu_ecut80_k101010_Cu.pbesol-dn-kjpaw_psl.1.0.0.in,Cu,80,10 10 10,Cu.pbesol-dn-kjpaw_psl.1.0.0,-210.37445191
Cu_ecut80_k101010_Cu.pbesol-dn-rrkjus_psl.1.0.0.in,Cu,80,10 10 10,Cu.pbesol-dn-rrkjus_psl.1.0.0,-122.36382382
Cu_ecut80_k111111_Cu.pbe-dn-kjpaw_psl.1.0.0.in,Cu,80,11 11 11,Cu.pbe-dn-kjpaw_psl.1.0.0,-213.06059537
Cu_ecut80_k111111_Cu.pbe-dn-rrkjus_psl.1.0.0.in,Cu,80,11 11 11,Cu.pbe-dn-rrkjus_psl.1.0.0,-122.71064796
Cu_ecut80_k111111_Cu.pbesol-dn-kjpaw_psl.1.0.0.in,Cu,80,11 11 11,Cu.pbesol-dn-kjpaw_psl.1.0.0,-210.3762256
Cu_ecut80_k111111_Cu.pbesol-dn-rrkjus_psl.1.0.0.in,Cu,80,11 11 11,Cu.pbesol-dn-rrkjus_psl.1.0.0,-122.36557815
Cu_ecut85_k111_Cu.pbe-dn-kjpaw_psl.1.0.0.in,Cu,85,1 1 1,Cu.pbe-dn-kjpaw_psl.1.0.0,-213.76913721
Cu_ecut85_k111_Cu.pbe-dn-rrkjus_psl.1.0.0.in,Cu,85,1 1 1,Cu.pbe-dn-rrkjus_psl.1.0.0,-123.42178222
Cu_ecut85_k111_Cu.pbesol-dn-kjpaw_psl.1.0.0.in,Cu,85,1 1 1,Cu.pbesol-dn-kjpaw_psl.1.0.0,-211.08955196
Cu_ecut85_k111_Cu.pbesol-dn-rrkjus_psl.1.0.0.in,Cu,85,1 1 1,Cu.pbesol-dn-rrkjus_psl.1.0.0,-123.08172883
Cu_ecut85_k222_Cu.pbe-dn-kjpaw_psl.1.0.0.in,Cu,85,2 2 2,Cu.pbe-dn-kjpaw_psl.1.0.0,-212.91144165
Cu_ecut85_k222_Cu.pbe-dn-rrkjus_psl.1.0.0.in,Cu,85,2 2 2,Cu.pbe-dn-rrkjus_psl.1.0.0,-122.56186295
Cu_ecut85_k222_Cu.pbesol-dn-kjpaw_psl.1.0.0.in,Cu,85,2 2 2,Cu.pbesol-dn-kjpaw_psl.1.0.0,-210.23068062
Cu_ecut85_k222_Cu.pbesol-dn-rrkjus_psl.1.0.0.in,Cu,85,2 2 2,Cu.pbesol-dn-rrkjus_psl.1.0.0,-122.22039357
Cu_ecut85_k333_Cu.pbe-dn-kjpaw_psl.1.0.0.in,Cu,85,3 3 3,Cu.pbe-dn-kjpaw_psl.1.0.0,-213.08630732
Cu_ecut85_k333_Cu.pbe-dn-rrkjus_psl.1.0.0.in,Cu,85,3 3 3,Cu.pbe-dn-rrkjus_psl.1.0.0,-122.73640388
Cu_ecut85_k333_Cu.pbesol-dn-kjpaw_psl.1.0.0.in,Cu,85,3 3 3,Cu.pbesol-dn-kjpaw_psl.1.0.0,-210.40289306
Cu_ecut85_k333_Cu.pbesol-dn-rrkjus_psl.1.0.0.in,Cu,85,3 3 3,Cu.pbesol-dn-rrkjus_psl.1.0.0,-122.39227258
Cu_ecut85_k444_Cu.pbe-dn-kjpaw_psl.1.0.0.in,Cu,85,4 4 4,Cu.pbe-dn-kjpaw_psl.1.0.0,-213.04963504
Cu_ecut85_k444_Cu.pbe-dn-rrkjus_psl.1.0.0.in,Cu,85,4 4 4,Cu.pbe-dn-rrkjus_psl.1.0.0,-122.69972236
Cu_ecut85_k444_Cu.pbesol-dn-kjpaw_psl.1.0.0.in,Cu,85,4 4 4,Cu.pbesol-dn-kjpaw_psl.1.0.0,-210.36532635
Cu_ecut85_k444_Cu.pbesol-dn-rrkjus_psl.1.0.0.in,Cu,85,4 4 4,Cu.pbesol-dn-rrkjus_psl.1.0.0,-122.35466522
Cu_ecut85_k555_Cu.pbe-dn-kjpaw_psl.1.0.0.in,Cu,85,5 5 5,Cu.pbe-dn-kjpaw_psl.1.0.0,-213.06828074
Cu_ecut85_k555_Cu.pbe-dn-rrkjus_psl.1.0.0.in,Cu,85,5 5 5,Cu.pbe-dn-rrkjus_psl.1.0.0,-122.71817701
Cu_ecut85_k555_Cu.pbesol-dn-kjpaw_psl.1.0.0.in,Cu,85,5 5 5,Cu.pbesol-dn-kjpaw_psl.1.0.0,-210.38269634
Cu_ecut85_k555_Cu.pbesol-dn-rrkjus_psl.1.0.0.in,Cu,85,5 5 5,Cu.pbesol-dn-rrkjus_psl.1.0.0,-122.37197981
Cu_ecut85_k666_Cu.pbe-dn-kjpaw_psl.1.0.0.in,Cu,85,6 6 6,Cu.pbe-dn-kjpaw_psl.1.0.0,-213.05681983
Cu_ecut85_k666_Cu.pbe-dn-rrkjus_psl.1.0.0.in,Cu,85,6 6 6,Cu.pbe-dn-rrkjus_psl.1.0.0,-122.70688716
Cu_ecut85_k666_Cu.pbesol-dn-kjpaw_psl.1.0.0.in,Cu,85,6 6 6,Cu.pbesol-dn-kjpaw_psl.1.0.0,-210.37267505
Cu_ecut85_k666_Cu.pbesol-dn-rrkjus_psl.1.0.0.in,Cu,85,6 6 6,Cu.pbesol-dn-rrkjus_psl.1.0.0,-122.36204035
Cu_ecut85_k777_Cu.pbe-dn-kjpaw_psl.1.0.0.in,Cu,85,7 7 7,Cu.pbe-dn-kjpaw_psl.1.0.0,-213.06513177
Cu_ecut85_k777_Cu.pbe-dn-rrkjus_psl.1.0.0.in,Cu,85,7 7 7,Cu.pbe-dn-rrkjus_psl.1.0.0,-122.71513211
Cu_ecut85_k777_Cu.pbesol-dn-kjpaw_psl.1.0.0.in,Cu,85,7 7 7,Cu.pbesol-dn-kjpaw_psl.1.0.0,-210.38057735
Cu_ecut85_k777_Cu.pbesol-dn-rrkjus_psl.1.0.0.in,Cu,85,7 7 7,Cu.pbesol-dn-rrkjus_psl.1.0.0,-122.36984147
Cu_ecut85_k888_Cu.pbe-dn-kjpaw_psl.1.0.0.in,Cu,85,8 8 8,Cu.pbe-dn-kjpaw_psl.1.0.0,-213.05756332
Cu_ecut85_k888_Cu.pbe-dn-rrkjus_psl.1.0.0.in,Cu,85,8 8 8,Cu.pbe-dn-rrkjus_psl.1.0.0,-122.70762989
Cu_ecut85_k888_Cu.pbesol-dn-kjpaw_psl.1.0.0.in,Cu,85,8 8 8,Cu.pbesol-dn-kjpaw_psl.1.0.0,-210.37287596
Cu_ecut85_k888_Cu.pbesol-dn-rrkjus_psl.1.0.0.in,Cu,85,8 8 8,Cu.pbesol-dn-rrkjus_psl.1.0.0,-122.36225404
Cu_ecut85_k999_Cu.pbe-dn-kjpaw_psl.1.0.0.in,Cu,85,9 9 9,Cu.pbe-dn-kjpaw_psl.1.0.0,-213.06216232
Cu_ecut85_k999_Cu.pbe-dn-rrkjus_psl.1.0.0.in,Cu,85,9 9 9,Cu.pbe-dn-rrkjus_psl.1.0.0,-122.7121917
Cu_ecut85_k999_Cu.pbesol-dn-kjpaw_psl.1.0.0.in,Cu,85,9 9 9,Cu.pbesol-dn-kjpaw_psl.1.0.0,-210.37780837
Cu_ecut85_k999_Cu.pbesol-dn-rrkjus_psl.1.0.0.in,Cu,85,9 9 9,Cu.pbesol-dn-rrkjus_psl.1.0.0,-122.3671266
Cu_ecut85_k101010_Cu.pbe-dn-kjpaw_psl.1.0.0.in,Cu,85,10 10 10,Cu.pbe-dn-kjpaw_psl.1.0.0,-213.05885289
Cu_ecut85_k101010_Cu.pbe-dn-rrkjus_psl.1.0.0.in,Cu,85,10 10 10,Cu.pbe-dn-rrkjus_psl.1.0.0,-122.70891515
Cu_ecut85_k101010_Cu.pbesol-dn-kjpaw_psl.1.0.0.in,Cu,85,10 10 10,Cu.pbesol-dn-kjpaw_psl.1.0.0,-210.37450762
Cu_ecut85_k101010_Cu.pbesol-dn-rrkjus_psl.1.0.0.in,Cu,85,10 10 10,Cu.pbesol-dn-rrkjus_psl.1.0.0,-122.36387781
Cu_ecut85_k111111_Cu.pbe-dn-kjpaw_psl.1.0.0.in,Cu,85,11 11 11,Cu.pbe-dn-kjpaw_psl.1.0.0,-213.06064116
Cu_ecut85_k111111_Cu.pbe-dn-rrkjus_psl.1.0.0.in,Cu,85,11 11 11,Cu.pbe-dn-rrkjus_psl.1.0.0,-122.71069263
Cu_ecut85_k111111_Cu.pbesol-dn-kjpaw_psl.1.0.0.in,Cu,85,11 11 11,Cu.pbesol-dn-kjpaw_psl.1.0.0,-210.37627442
Cu_ecut85_k111111_Cu.pbesol-dn-rrkjus_psl.1.0.0.in,Cu,85,11 11 11,Cu.pbesol-dn-rrkjus_psl.1.0.0,-122.3656262
Cu_ecut90_k111_Cu.pbe-dn-kjpaw_psl.1.0.0.in,Cu,90,1 1 1,Cu.pbe-dn-kjpaw_psl.1.0.0,-213.76914729
Cu_ecut90_k111_Cu.pbe-dn-rrkjus_psl.1.0.0.in,Cu,90,1 1 1,Cu.pbe-dn-rrkjus_psl.1.0.0,-123.42185102
Cu_ecut90_k111_Cu.pbesol-dn-kjpaw_psl.1.0.0.in,Cu,90,1 1 1,Cu.pbesol-dn-kjpaw_psl.1.0.0,-211.08957234
Cu_ecut90_k111_Cu.pbesol-dn-rrkjus_psl.1.0.0.in,Cu,90,1 1 1,Cu.pbesol-dn-rrkjus_psl.1.0.0,-123.08178782
Cu_ecut90_k222_Cu.pbe-dn-kjpaw_psl.1.0.0.in,Cu,90,2 2 2,Cu.pbe-dn-kjpaw_psl.1.0.0,-212.91160933
Cu_ecut90_k222_Cu.pbe-dn-rrkjus_psl.1.0.0.in,Cu,90,2 2 2,Cu.pbe-dn-rrkjus_psl.1.0.0,-122.56188425
Cu_ecut90_k222_Cu.pbesol-dn-kjpaw_psl.1.0.0.in,Cu,90,2 2 2,Cu.pbesol-dn-kjpaw_psl.1.0.0,-210.23084022
Cu_ecut90_k222_Cu.pbesol-dn-rrkjus_psl.1.0.0.in,Cu,90,2 2 2,Cu.pbesol-dn-rrkjus_psl.1.0.0,-122.22043172
Cu_ecut90_k333_Cu.pbe-dn-kjpaw_psl.1.0.0.in,Cu,90,3 3 3,Cu.pbe-dn-kjpaw_psl.1.0.0,-213.08633381
Cu_ecut90_k333_Cu.pbe-dn-rrkjus_psl.1.0.0.in,Cu,90,3 3 3,Cu.pbe-dn-rrkjus_psl.1.0.0,-122.73643407
Cu_ecut90_k333_Cu.pbesol-dn-kjpaw_psl.1.0.0.in,Cu,90,3 3 3,Cu.pbesol-dn-kjpaw_psl.1.0.0,-210.40288971
Cu_ecut90_k333_Cu.pbesol-dn-rrkjus_psl.1.0.0.in,Cu,90,3 3 3,Cu.pbesol-dn-rrkjus_psl.1.0.0,-122.39230105
Cu_ecut90_k444_Cu.pbe-dn-kjpaw_psl.1.0.0.in,Cu,90,4 4 4,Cu.pbe-dn-kjpaw_psl.1.0.0,-213.04966294
Cu_ecut90_k444_Cu.pbe-dn-rrkjus_psl.1.0.0.in,Cu,90,4 4 4,Cu.pbe-dn-rrkjus_psl.1.0.0,-122.69976158
Cu_ecut90_k444_Cu.pbesol-dn-kjpaw_psl.1.0.0.in,Cu,90,4 4 4,Cu.pbesol-dn-kjpaw_psl.1.0.0,-210.36534684
Cu_ecut90_k444_Cu.pbesol-dn-rrkjus_psl.1.0.0.in,Cu,90,4 4 4,Cu.pbesol-dn-rrkjus_psl.1.0.0,-122.35470915
Cu_ecut90_k555_Cu.pbe-dn-kjpaw_psl.1.0.0.in,Cu,90,5 5 5,Cu.pbe-dn-kjpaw_psl.1.0.0,-213.06830629
Cu_ecut90_k555_Cu.pbe-dn-rrkjus_psl.1.0.0.in,Cu,90,5 5 5,Cu.pbe-dn-rrkjus_psl.1.0.0,-122.71819837
Cu_ecut90_k555_Cu.pbesol-dn-kjpaw_psl.1.0.0.in,Cu,90,5 5 5,Cu.pbesol-dn-kjpaw_psl.1.0.0,-210.38272302
Cu_ecut90_k555_Cu.pbesol-dn-rrkjus_psl.1.0.0.in,Cu,90,5 5 5,Cu.pbesol-dn-rrkjus_psl.1.0.0,-122.37199878
Cu_ecut90_k666_Cu.pbe-dn-kjpaw_psl.1.0.0.in,Cu,90,6 6 6,Cu.pbe-dn-kjpaw_psl.1.0.0,-213.05684137
Cu_ecut90_k666_Cu.pbe-dn-rrkjus_psl.1.0.0.in,Cu,90,6 6 6,Cu.pbe-dn-rrkjus_psl.1.0.0,-122.70690781
Cu_ecut90_k666_Cu.pbesol-dn-kjpaw_psl.1.0.0.in,Cu,90,6 6 6,Cu.pbesol-dn-kjpaw_psl.1.0.0,-210.37269397
Cu_ecut90_k666_Cu.pbesol-dn-rrkjus_psl.1.0.0.in,Cu,90,6 6 6,Cu.pbesol-dn-rrkjus_psl.1.0.0,-122.36206038
Cu_ecut90_k777_Cu.pbe-dn-kjpaw_psl.1.0.0.in,Cu,90,7 7 7,Cu.pbe-dn-kjpaw_psl.1.0.0,-213.06516399
Cu_ecut90_k777_Cu.pbe-dn-rrkjus_psl.1.0.0.in,Cu,90,7 7 7,Cu.pbe-dn-rrkjus_psl.1.0.0,-122.71515605
Cu_ecut90_k777_Cu.pbesol-dn-kjpaw_psl.1.0.0.in,Cu,90,7 7 7,Cu.pbesol-dn-kjpaw_psl.1.0.0,-210.38060981
Cu_ecut90_k777_Cu.pbesol-dn-rrkjus_psl.1.0.0.in,Cu,90,7 7 7,Cu.pbesol-dn-rrkjus_psl.1.0.0,-122.36986366
Cu_ecut90_k888_Cu.pbe-dn-kjpaw_psl.1.0.0.in,Cu,90,8 8 8,Cu.pbe-dn-kjpaw_psl.1.0.0,-213.05758913
Cu_ecut90_k888_Cu.pbe-dn-rrkjus_psl.1.0.0.in,Cu,90,8 8 8,Cu.pbe-dn-rrkjus_psl.1.0.0,-122.70765688
Cu_ecut90_k888_Cu.pbesol-dn-kjpaw_psl.1.0.0.in,Cu,90,8 8 8,Cu.pbesol-dn-kjpaw_psl.1.0.0,-210.37290779
Cu_ecut90_k888_Cu.pbesol-dn-rrkjus_psl.1.0.0.in,Cu,90,8 8 8,Cu.pbesol-dn-rrkjus_psl.1.0.0,-122.36227703
Cu_ecut90_k999_Cu.pbe-dn-kjpaw_psl.1.0.0.in,Cu,90,9 9 9,Cu.pbe-dn-kjpaw_psl.1.0.0,-213.06218623
Cu_ecut90_k999_Cu.pbe-dn-rrkjus_psl.1.0.0.in,Cu,90,9 9 9,Cu.pbe-dn-rrkjus_psl.1.0.0,-122.71221795
Cu_ecut90_k999_Cu.pbesol-dn-kjpaw_psl.1.0.0.in,Cu,90,9 9 9,Cu.pbesol-dn-kjpaw_psl.1.0.0,-210.37783081
Cu_ecut90_k999_Cu.pbesol-dn-rrkjus_psl.1.0.0.in,Cu,90,9 9 9,Cu.pbesol-dn-rrkjus_psl.1.0.0,-122.36715013
Cu_ecut90_k101010_Cu.pbe-dn-kjpaw_psl.1.0.0.in,Cu,90,10 10 10,Cu.pbe-dn-kjpaw_psl.1.0.0,-213.0588736
Cu_ecut90_k101010_Cu.pbe-dn-rrkjus_psl.1.0.0.in,Cu,90,10 10 10,Cu.pbe-dn-rrkjus_psl.1.0.0,-122.70893571
Cu_ecut90_k101010_Cu.pbesol-dn-kjpaw_psl.1.0.0.in,Cu,90,10 10 10,Cu.pbesol-dn-kjpaw_psl.1.0.0,-210.37453345
Cu_ecut90_k101010_Cu.pbesol-dn-rrkjus_psl.1.0.0.in,Cu,90,10 10 10,Cu.pbesol-dn-rrkjus_psl.1.0.0,-122.36389895
Cu_ecut90_k111111_Cu.pbe-dn-kjpaw_psl.1.0.0.in,Cu,90,11 11 11,Cu.pbe-dn-kjpaw_psl.1.0.0,-213.06066503
Cu_ecut90_k111111_Cu.pbe-dn-rrkjus_psl.1.0.0.in,Cu,90,11 11 11,Cu.pbe-dn-rrkjus_psl.1.0.0,-122.71071477
Cu_ecut90_k111111_Cu.pbesol-dn-kjpaw_psl.1.0.0.in,Cu,90,11 11 11,Cu.pbesol-dn-kjpaw_psl.1.0.0,-210.37629845
Cu_ecut90_k111111_Cu.pbesol-dn-rrkjus_psl.1.0.0.in,Cu,90,11 11 11,Cu.pbesol-dn-rrkjus_psl.1.0.0,-122.36564862
Cu_ecut95_k111_Cu.pbe-dn-kjpaw_psl.1.0.0.in,Cu,95,1 1 1,Cu.pbe-dn-kjpaw_psl.1.0.0,-213.76909098
Cu_ecut95_k111_Cu.pbe-dn-rrkjus_psl.1.0.0.in,Cu,95,1 1 1,Cu.pbe-dn-rrkjus_psl.1.0.0,-123.42175612
Cu_ecut95_k111_Cu.pbesol-dn-kjpaw_psl.1.0.0.in,Cu,95,1 1 1,Cu.pbesol-dn-kjpaw_psl.1.0.0,-211.08949045
Cu_ecut95_k111_Cu.pbesol-dn-rrkjus_psl.1.0.0.in,Cu,95,1 1 1,Cu.pbesol-dn-rrkjus_psl.1.0.0,-123.08162164
Cu_ecut95_k222_Cu.pbe-dn-kjpaw_psl.1.0.0.in,Cu,95,2 2 2,Cu.pbe-dn-kjpaw_psl.1.0.0,-212.91151887
Cu_ecut95_k222_Cu.pbe-dn-rrkjus_psl.1.0.0.in,Cu,95,2 2 2,Cu.pbe-dn-rrkjus_psl.1.0.0,-122.56188599
Cu_ecut95_k222_Cu.pbesol-dn-kjpaw_psl.1.0.0.in,Cu,95,2 2 2,Cu.pbesol-dn-kjpaw_psl.1.0.0,-210.23076192
Cu_ecut95_k222_Cu.pbesol-dn-rrkjus_psl.1.0.0.in,Cu,95,2 2 2,Cu.pbesol-dn-rrkjus_psl.1.0.0,-122.22043781
Cu_ecut95_k333_Cu.pbe-dn-kjpaw_psl.1.0.0.in,Cu,95,3 3 3,Cu.pbe-dn-kjpaw_psl.1.0.0,-213.0863088
Cu_ecut95_k333_Cu.pbe-dn-rrkjus_psl.1.0.0.in,Cu,95,3 3 3,Cu.pbe-dn-rrkjus_psl.1.0.0,-122.73643723
Cu_ecut95_k333_Cu.pbesol-dn-kjpaw_psl.1.0.0.in,Cu,95,3 3 3,Cu.pbesol-dn-kjpaw_psl.1.0.0,-210.4028912
Cu_ecut95_k333_Cu.pbesol-dn-rrkjus_psl.1.0.0.in,Cu,95,3 3 3,Cu.pbesol-dn-rrkjus_psl.1.0.0,-122.39230596
Cu_ecut95_k444_Cu.pbe-dn-kjpaw_psl.1.0.0.in,Cu,95,4 4 4,Cu.pbe-dn-kjpaw_psl.1.0.0,-213.04966069
Cu_ecut95_k444_Cu.pbe-dn-rrkjus_psl.1.0.0.in,Cu,95,4 4 4,Cu.pbe-dn-rrkjus_psl.1.0.0,-122.69975702
Cu_ecut95_k444_Cu.pbesol-dn-kjpaw_psl.1.0.0.in,Cu,95,4 4 4,Cu.pbesol-dn-kjpaw_psl.1.0.0,-210.36534129
Cu_ecut95_k444_Cu.pbesol-dn-rrkjus_psl.1.0.0.in,Cu,95,4 4 4,Cu.pbesol-dn-rrkjus_psl.1.0.0,-122.35469866
Cu_ecut95_k555_Cu.pbe-dn-kjpaw_psl.1.0.0.in,Cu,95,5 5 5,Cu.pbe-dn-kjpaw_psl.1.0.0,-213.06830752
Cu_ecut95_k555_Cu.pbe-dn-rrkjus_psl.1.0.0.in,Cu,95,5 5 5,Cu.pbe-dn-rrkjus_psl.1.0.0,-122.71819934
Cu_ecut95_k555_Cu.pbesol-dn-kjpaw_psl.1.0.0.in,Cu,95,5 5 5,Cu.pbesol-dn-kjpaw_psl.1.0.0,-210.38272077
Cu_ecut95_k555_Cu.pbesol-dn-rrkjus_psl.1.0.0.in,Cu,95,5 5 5,Cu.pbesol-dn-rrkjus_psl.1.0.0,-122.37199605
Cu_ecut95_k666_Cu.pbe-dn-kjpaw_psl.1.0.0.in,Cu,95,6 6 6,Cu.pbe-dn-kjpaw_psl.1.0.0,-213.05683129
Cu_ecut95_k666_Cu.pbe-dn-rrkjus_psl.1.0.0.in,Cu,95,6 6 6,Cu.pbe-dn-rrkjus_psl.1.0.0,-122.70690115
Cu_ecut95_k666_Cu.pbesol-dn-kjpaw_psl.1.0.0.in,Cu,95,6 6 6,Cu.pbesol-dn-kjpaw_psl.1.0.0,-210.37269472
Cu_ecut95_k666_Cu.pbesol-dn-rrkjus_psl.1.0.0.in,Cu,95,6 6 6,Cu.pbesol-dn-rrkjus_psl.1.0.0,-122.36206534
Cu_ecut95_k777_Cu.pbe-dn-kjpaw_psl.1.0.0.in,Cu,95,7 7 7,Cu.pbe-dn-kjpaw_psl.1.0.0,-213.06515924
Cu_ecut95_k777_Cu.pbe-dn-rrkjus_psl.1.0.0.in,Cu,95,7 7 7,Cu.pbe-dn-rrkjus_psl.1.0.0,-122.71516463
Cu_ecut95_k777_Cu.pbesol-dn-kjpaw_psl.1.0.0.in,Cu,95,7 7 7,Cu.pbesol-dn-kjpaw_psl.1.0.0,-210.38060263
Cu_ecut95_k777_Cu.pbesol-dn-rrkjus_psl.1.0.0.in,Cu,95,7 7 7,Cu.pbesol-dn-rrkjus_psl.1.0.0,-122.36987013
Cu_ecut95_k888_Cu.pbe-dn-kjpaw_psl.1.0.0.in,Cu,95,8 8 8,Cu.pbe-dn-kjpaw_psl.1.0.0,-213.05760632
Cu_ecut95_k888_Cu.pbe-dn-rrkjus_psl.1.0.0.in,Cu,95,8 8 8,Cu.pbe-dn-rrkjus_psl.1.0.0,-122.70765649
Cu_ecut95_k888_Cu.pbesol-dn-kjpaw_psl.1.0.0.in,Cu,95,8 8 8,Cu.pbesol-dn-kjpaw_psl.1.0.0,-210.37292038
Cu_ecut95_k888_Cu.pbesol-dn-rrkjus_psl.1.0.0.in,Cu,95,8 8 8,Cu.pbesol-dn-rrkjus_psl.1.0.0,-122.36227836
Cu_ecut95_k999_Cu.pbe-dn-kjpaw_psl.1.0.0.in,Cu,95,9 9 9,Cu.pbe-dn-kjpaw_psl.1.0.0,-213.0621908
Cu_ecut95_k999_Cu.pbe-dn-rrkjus_psl.1.0.0.in,Cu,95,9 9 9,Cu.pbe-dn-rrkjus_psl.1.0.0,-122.71222182
Cu_ecut95_k999_Cu.pbesol-dn-kjpaw_psl.1.0.0.in,Cu,95,9 9 9,Cu.pbesol-dn-kjpaw_psl.1.0.0,-210.37783203
Cu_ecut95_k999_Cu.pbesol-dn-rrkjus_psl.1.0.0.in,Cu,95,9 9 9,Cu.pbesol-dn-rrkjus_psl.1.0.0,-122.36715053
Cu_ecut95_k101010_Cu.pbe-dn-kjpaw_psl.1.0.0.in,Cu,95,10 10 10,Cu.pbe-dn-kjpaw_psl.1.0.0,-213.05886894
Cu_ecut95_k101010_Cu.pbe-dn-rrkjus_psl.1.0.0.in,Cu,95,10 10 10,Cu.pbe-dn-rrkjus_psl.1.0.0,-122.70893869
Cu_ecut95_k101010_Cu.pbesol-dn-kjpaw_psl.1.0.0.in,Cu,95,10 10 10,Cu.pbesol-dn-kjpaw_psl.1.0.0,-210.37452713
Cu_ecut95_k101010_Cu.pbesol-dn-rrkjus_psl.1.0.0.in,Cu,95,10 10 10,Cu.pbesol-dn-rrkjus_psl.1.0.0,-122.36390031
Cu_ecut95_k111111_Cu.pbe-dn-kjpaw_psl.1.0.0.in,Cu,95,11 11 11,Cu.pbe-dn-kjpaw_psl.1.0.0,-213.06067232
Cu_ecut95_k111111_Cu.pbe-dn-rrkjus_psl.1.0.0.in,Cu,95,11 11 11,Cu.pbe-dn-rrkjus_psl.1.0.0,-122.71072445
Cu_ecut95_k111111_Cu.pbesol-dn-kjpaw_psl.1.0.0.in,Cu,95,11 11 11,Cu.pbesol-dn-kjpaw_psl.1.0.0,-210.37630481
Cu_ecut95_k111111_Cu.pbesol-dn-rrkjus_psl.1.0.0.in,Cu,95,11 11 11,Cu.pbesol-dn-rrkjus_psl.1.0.0,-122.36565598
Cu_ecut100_k111_Cu.pbe-dn-kjpaw_psl.1.0.0.in,Cu,100,1 1 1,Cu.pbe-dn-kjpaw_psl.1.0.0,-213.76922816
Cu_ecut100_k111_Cu.pbe-dn-rrkjus_psl.1.0.0.in,Cu,100,1 1 1,Cu.pbe-dn-rrkjus_psl.1.0.0,-123.42201141
Cu_ecut100_k111_Cu.pbesol-dn-kjpaw_psl.1.0.0.in,Cu,100,1 1 1,Cu.pbesol-dn-kjpaw_psl.1.0.0,-211.08963318
Cu_ecut100_k111_Cu.pbesol-dn-rrkjus_psl.1.0.0.in,Cu,100,1 1 1,Cu.pbesol-dn-rrkjus_psl.1.0.0,-123.08183618
Cu_ecut100_k222_Cu.pbe-dn-kjpaw_psl.1.0.0.in,Cu,100,2 2 2,Cu.pbe-dn-kjpaw_psl.1.0.0,-212.91146885
Cu_ecut100_k222_Cu.pbe-dn-rrkjus_psl.1.0.0.in,Cu,100,2 2 2,Cu.pbe-dn-rrkjus_psl.1.0.0,-122.56186718
Cu_ecut100_k222_Cu.pbesol-dn-kjpaw_psl.1.0.0.in,Cu,100,2 2 2,Cu.pbesol-dn-kjpaw_psl.1.0.0,-210.23066318
Cu_ecut100_k222_Cu.pbesol-dn-rrkjus_psl.1.0.0.in,Cu,100,2 2 2,Cu.pbesol-dn-rrkjus_psl.1.0.0,-122.22037406
Cu_ecut100_k333_Cu.pbe-dn-kjpaw_psl.1.0.0.in,Cu,100,3 3 3,Cu.pbe-dn-kjpaw_psl.1.0.0,-213.08631802
Cu_ecut100_k333_Cu.pbe-dn-rrkjus_psl.1.0.0.in,Cu,100,3 3 3,Cu.pbe-dn-rrkjus_psl.1.0.0,-122.73642729
Cu_ecut100_k333_Cu.pbesol-dn-kjpaw_psl.1.0.0.in,Cu,100,3 3 3,Cu.pbesol-dn-kjpaw_psl.1.0.0,-210.40289838
Cu_ecut100_k333_Cu.pbesol-dn-rrkjus_psl.1.0.0.in,Cu,100,3 3 3,Cu.pbesol-dn-rrkjus_psl.1.0.0,-122.39229186
Cu_ecut100_k444_Cu.pbe-dn-kjpaw_psl.1.0.0.in,Cu,100,4 4 4,Cu.pbe-dn-kjpaw_psl.1.0.0,-213.04965222
Cu_ecut100_k444_Cu.pbe-dn-rrkjus_psl.1.0.0.in,Cu,100,4 4 4,Cu.pbe-dn-rrkjus_psl.1.0.0,-122.69976905
Cu_ecut100_k444_Cu.pbesol-dn-kjpaw_psl.1.0.0.in,Cu,100,4 4 4,Cu.pbesol-dn-kjpaw_psl.1.0.0,-210.36532974
Cu_ecut100_k444_Cu.pbesol-dn-rrkjus_psl.1.0.0.in,Cu,100,4 4 4,Cu.pbesol-dn-rrkjus_psl.1.0.0,-122.35470626
Cu_ecut100_k555_Cu.pbe-dn-kjpaw_psl.1.0.0.in,Cu,100,5 5 5,Cu.pbe-dn-kjpaw_psl.1.0.0,-213.06830767
Cu_ecut100_k555_Cu.pbe-dn-rrkjus_psl.1.0.0.in,Cu,100,5 5 5,Cu.pbe-dn-rrkjus_psl.1.0.0,-122.71820463
Cu_ecut100_k555_Cu.pbesol-dn-kjpaw_psl.1.0.0.in,Cu,100,5 5 5,Cu.pbesol-dn-kjpaw_psl.1.0.0,-210.38271847
Cu_ecut100_k555_Cu.pbesol-dn-rrkjus_psl.1.0.0.in,Cu,100,5 5 5,Cu.pbesol-dn-rrkjus_psl.1.0.0,-122.37200171
Cu_ecut100_k666_Cu.pbe-dn-kjpaw_psl.1.0.0.in,Cu,100,6 6 6,Cu.pbe-dn-kjpaw_psl.1.0.0,-213.05682074
Cu_ecut100_k666_Cu.pbe-dn-rrkjus_psl.1.0.0.in,Cu,100,6 6 6,Cu.pbe-dn-rrkjus_psl.1.0.0,-122.70690412
Cu_ecut100_k666_Cu.pbesol-dn-kjpaw_psl.1.0.0.in,Cu,100,6 6 6,Cu.pbesol-dn-kjpaw_psl.1.0.0,-210.37266269
Cu_ecut100_k666_Cu.pbesol-dn-rrkjus_psl.1.0.0.in,Cu,100,6 6 6,Cu.pbesol-dn-rrkjus_psl.1.0.0,-122.36206721
Cu_ecut100_k777_Cu.pbe-dn-kjpaw_psl.1.0.0.in,Cu,100,7 7 7,Cu.pbe-dn-kjpaw_psl.1.0.0,-213.06515861
Cu_ecut100_k777_Cu.pbe-dn-rrkjus_psl.1.0.0.in,Cu,100,7 7 7,Cu.pbe-dn-rrkjus_psl.1.0.0,-122.71516085
Cu_ecut100_k777_Cu.pbesol-dn-kjpaw_psl.1.0.0.in,Cu,100,7 7 7,Cu.pbesol-dn-kjpaw_psl.1.0.0,-210.38060263
Cu_ecut100_k777_Cu.pbesol-dn-rrkjus_psl.1.0.0.in,Cu,100,7 7 7,Cu.pbesol-dn-rrkjus_psl.1.0.0,-122.36987
Cu_ecut100_k888_Cu.pbe-dn-kjpaw_psl.1.0.0.in,Cu,100,8 8 8,Cu.pbe-dn-kjpaw_psl.1.0.0,-213.05760834
Cu_ecut100_k888_Cu.pbe-dn-rrkjus_psl.1.0.0.in,Cu,100,8 8 8,Cu.pbe-dn-rrkjus_psl.1.0.0,-122.70765522
Cu_ecut100_k888_Cu.pbesol-dn-kjpaw_psl.1.0.0.in,Cu,100,8 8 8,Cu.pbesol-dn-kjpaw_psl.1.0.0,-210.37291961
Cu_ecut100_k888_Cu.pbesol-dn-rrkjus_psl.1.0.0.in,Cu,100,8 8 8,Cu.pbesol-dn-rrkjus_psl.1.0.0,-122.36227608
Cu_ecut100_k999_Cu.pbe-dn-kjpaw_psl.1.0.0.in,Cu,100,9 9 9,Cu.pbe-dn-kjpaw_psl.1.0.0,-213.06219406
Cu_ecut100_k999_Cu.pbe-dn-rrkjus_psl.1.0.0.in,Cu,100,9 9 9,Cu.pbe-dn-rrkjus_psl.1.0.0,-122.71222311
Cu_ecut100_k999_Cu.pbesol-dn-kjpaw_psl.1.0.0.in,Cu,100,9 9 9,Cu.pbesol-dn-kjpaw_psl.1.0.0,-210.37783537
Cu_ecut100_k999_Cu.pbesol-dn-rrkjus_psl.1.0.0.in,Cu,100,9 9 9,Cu.pbesol-dn-rrkjus_psl.1.0.0,-122.36715191
Cu_ecut100_k101010_Cu.pbe-dn-kjpaw_psl.1.0.0.in,Cu,100,10 10 10,Cu.pbe-dn-kjpaw_psl.1.0.0,-213.058872
Cu_ecut100_k101010_Cu.pbe-dn-rrkjus_psl.1.0.0.in,Cu,100,10 10 10,Cu.pbe-dn-rrkjus_psl.1.0.0,-122.7089366
Cu_ecut100_k101010_Cu.pbesol-dn-kjpaw_psl.1.0.0.in,Cu,100,10 10 10,Cu.pbesol-dn-kjpaw_psl.1.0.0,-210.37452976
Cu_ecut100_k101010_Cu.pbesol-dn-rrkjus_psl.1.0.0.in,Cu,100,10 10 10,Cu.pbesol-dn-rrkjus_psl.1.0.0,-122.36389607
Cu_ecut100_k111111_Cu.pbe-dn-kjpaw_psl.1.0.0.in,Cu,100,11 11 11,Cu.pbe-dn-kjpaw_psl.1.0.0,-213.06067371
Cu_ecut100_k111111_Cu.pbe-dn-rrkjus_psl.1.0.0.in,Cu,100,11 11 11,Cu.pbe-dn-rrkjus_psl.1.0.0,-122.71072202
Cu_ecut100_k111111_Cu.pbesol-dn-kjpaw_psl.1.0.0.in,Cu,100,11 11 11,Cu.pbesol-dn-kjpaw_psl.1.0.0,-210.37630448
Cu_ecut100_k111111_Cu.pbesol-dn-rrkjus_psl.1.0.0.in,Cu,100,11 11 11,Cu.pbesol-dn-rrkjus_psl.1.0.0,-122.36565259
